Household_ID,Campaign_ID,Campaign_Type
1032,22,B
842,16,B
2068,9,B
1271,13,A
766,8,A
1887,13,A
588,30,A
115,14,C
1104,17,B
511,26,A
1385,12,B
1394,7,B
426,18,A
1795,25,B
714,8,A
2131,18,A
180,13,A
28,13,A
623,18,A
41,18,A
242,13,A
842,12,B
638,22,B
64,8,A
2178,10,B
1943,19,B
2221,17,B
1567,8,A
1536,8,A
1494,13,A
1541,11,B
2070,18,A
97,4,B
2500,18,A
484,13,A
1375,29,B
105,18,A
72,12,B
1256,26,A
1602,16,B
1833,30,A
517,20,C
1491,18,A
1142,17,B
1944,5,B
1955,25,B
1659,18,A
1975,21,B
854,8,A
1735,13,A
1841,18,A
137,8,A
998,18,A
262,20,C
7,10,B
1258,26,A
1437,14,C
456,13,A
2493,18,A
65,18,A
2115,8,A
99,23,B
2341,11,B
2079,5,B
1378,20,C
786,25,B
1779,30,A
265,14,C
1251,8,A
1778,11,B
693,26,A
1694,7,B
920,6,C
2366,8,A
1352,23,B
358,22,B
2012,8,A
926,3,C
1421,4,B
22,9,B
1804,19,B
2095,19,B
2240,26,A
1662,16,B
1965,4,B
281,15,C
2058,13,A
256,30,A
715,18,A
469,18,A
2115,13,A
489,9,B
1894,14,C
2266,23,B
524,7,B
1127,17,B
1816,13,A
922,13,A
2070,10,B
2070,19,B
1050,19,B
574,13,A
692,8,A
2317,28,B
553,24,B
36,13,A
1622,8,A
490,8,A
1968,13,A
364,13,A
2488,13,A
1279,18,A
1527,25,B
2004,18,A
725,12,B
1303,23,B
1953,18,A
454,2,B
185,8,A
334,18,A
1877,23,B
780,8,A
1306,11,B
1279,8,A
979,18,A
1228,13,A
1557,10,B
1822,8,A
766,13,A
855,8,A
1927,18,A
670,30,A
2128,18,A
2111,30,A
923,12,B
1426,26,A
1188,25,B
1237,29,B
1376,22,B
380,8,A
122,26,A
1762,13,A
278,26,A
1270,19,B
1536,16,B
294,18,A
731,13,A
762,25,B
2027,18,A
922,8,A
113,4,B
1146,19,B
69,18,A
1995,13,A
1547,13,A
88,16,B
19,25,B
285,8,A
2198,18,A
1632,22,B
2489,24,B
2110,16,B
841,19,B
108,5,B
332,8,A
378,18,A
2234,18,A
2427,11,B
2087,8,A
253,13,A
290,8,A
143,15,C
779,22,B
81,8,A
2215,13,A
2043,24,B
2425,13,A
1266,26,A
1065,18,A
212,18,A
1924,7,B
98,8,A
1998,30,A
597,13,A
1056,5,B
1537,19,B
947,18,A
32,18,A
2452,26,A
156,17,B
2279,16,B
693,8,A
411,13,A
1039,8,A
2004,8,A
437,14,C
1430,14,C
1933,18,A
198,14,C
725,25,B
398,18,A
1375,23,B
409,4,B
23,13,A
926,30,A
318,13,A
345,30,A
1631,17,B
669,26,A
6,13,A
2121,8,A
1707,22,B
2100,13,A
742,20,C
413,30,A
710,26,A
2351,16,B
2328,26,A
1854,18,A
160,5,B
1353,18,A
934,30,A
2044,13,A
603,8,A
1240,8,A
797,11,B
472,25,B
2058,18,A
2006,8,A
328,4,B
2261,16,B
158,8,A
1166,22,B
650,30,A
1653,17,B
2237,18,A
1219,18,A
786,12,B
1236,18,A
2486,18,A
1130,3,C
1272,6,C
2217,8,A
771,20,C
575,24,B
569,7,B
1211,8,A
219,8,A
301,25,B
232,18,A
428,8,A
1337,10,B
463,7,B
1931,12,B
1954,8,A
1916,8,A
864,13,A
1061,17,B
437,19,B
1307,18,A
476,19,B
1489,24,B
936,6,C
257,8,A
1996,13,A
1272,24,B
127,20,C
2011,8,A
1178,4,B
2301,18,A
614,18,A
2086,16,B
2472,18,A
987,13,A
8,29,B
2131,20,C
1936,17,B
119,18,A
2270,11,B
1845,7,B
979,26,A
115,5,B
2164,12,B
40,13,A
1070,26,A
2421,22,B
1929,30,A
718,18,A
710,8,A
1618,8,A
1618,9,B
2029,18,A
2200,1,B
2359,18,A
1240,12,B
907,18,A
1677,22,B
472,13,A
1930,11,B
2050,18,A
630,28,B
113,16,B
2094,24,B
282,9,B
676,18,A
936,13,A
605,5,B
2479,19,B
1375,18,A
1524,9,B
1556,13,A
1402,18,A
1585,8,A
210,8,A
712,29,B
1920,29,B
1403,8,A
93,30,A
1470,29,B
1705,13,A
1393,13,A
1113,26,A
762,9,B
338,20,C
235,14,C
57,13,A
1010,18,A
646,18,A
1374,11,B
1326,25,B
2406,11,B
1939,26,A
518,8,A
1388,8,A
1167,17,B
2280,22,B
1454,13,A
1804,25,B
1419,18,A
1619,18,A
1378,18,A
642,29,B
306,8,A
380,13,A
1451,8,A
72,13,A
1489,22,B
1836,8,A
1011,13,A
2204,18,A
2209,5,B
598,8,A
679,8,A
569,29,B
2275,24,B
671,18,A
1975,8,A
1676,19,B
1954,18,A
2225,8,A
876,12,B
2240,25,B
1007,13,A
263,13,A
1883,13,A
1207,8,A
1481,13,A
301,23,B
460,8,A
2329,18,A
307,18,A
1671,30,A
1907,13,A
859,23,B
2095,13,A
339,7,B
209,13,A
393,11,B
1892,13,A
2296,13,A
1943,5,B
188,13,A
1388,25,B
979,25,B
568,8,A
594,18,A
2141,13,A
1178,8,A
1408,18,A
913,9,B
660,13,A
78,7,B
1692,18,A
1634,30,A
2224,2,B
456,8,A
1919,18,A
1446,18,A
888,20,C
2178,14,C
350,8,A
1474,18,A
428,18,A
2432,20,C
642,8,A
40,14,C
27,8,A
390,8,A
1762,20,C
263,8,A
1271,18,A
2374,22,B
1146,5,B
1545,24,B
381,26,A
675,11,B
2446,25,B
1774,19,B
898,21,B
569,18,A
1722,9,B
996,13,A
988,26,A
533,30,A
1823,20,C
1344,10,B
741,9,B
1763,5,B
900,16,B
2074,8,A
334,17,B
289,8,A
184,9,B
2182,13,A
1942,13,A
2451,18,A
2114,26,A
1353,17,B
1423,13,A
601,18,A
1130,18,A
1040,23,B
2124,7,B
1943,10,B
1423,18,A
443,13,A
2327,8,A
568,1,B
1453,12,B
81,13,A
64,19,B
2398,18,A
1944,8,A
2359,11,B
2351,29,B
909,26,A
1836,22,B
101,25,B
1803,10,B
2015,17,B
491,7,B
365,5,B
1563,8,A
2366,14,C
69,11,B
2334,18,A
742,7,B
305,8,A
105,13,A
722,8,A
1810,13,A
2381,20,C
2139,23,B
1094,12,B
2088,16,B
2217,4,B
1764,22,B
2141,18,A
1167,18,A
1040,8,A
1677,25,B
81,5,B
2228,26,A
1821,8,A
1167,8,A
2391,18,A
85,8,A
745,12,B
1726,13,A
222,8,A
1797,14,C
807,23,B
1385,22,B
1505,13,A
857,13,A
1824,18,A
2280,18,A
2171,13,A
2453,13,A
1229,10,B
1917,22,B
447,26,A
1833,13,A
1062,18,A
653,7,B
64,13,A
1545,18,A
2307,14,C
1729,8,A
1206,20,C
1216,18,A
2238,8,A
334,8,A
938,26,A
1483,1,B
2056,16,B
1764,10,B
239,30,A
2489,10,B
2018,8,A
317,21,B
125,5,B
180,8,A
1850,18,A
878,13,A
78,13,A
2334,23,B
1383,13,A
2015,8,A
2178,9,B
282,7,B
1917,3,C
2044,26,A
1633,14,C
1807,16,B
745,29,B
600,20,C
850,18,A
852,18,A
745,18,A
1965,18,A
932,22,B
376,30,A
517,7,B
1120,8,A
2328,13,A
1803,19,B
1901,19,B
1633,26,A
368,30,A
1412,8,A
389,8,A
409,26,A
936,30,A
595,8,A
1264,7,B
1510,25,B
404,26,A
2318,18,A
2488,29,B
346,13,A
2034,18,A
957,18,A
661,13,A
2328,24,B
2295,20,C
1693,20,C
1954,2,B
1133,18,A
979,30,A
744,18,A
2015,12,B
1620,4,B
239,26,A
132,18,A
1985,19,B
1408,17,B
1520,22,B
2328,25,B
1305,5,B
467,5,B
1793,18,A
1613,8,A
1694,25,B
101,13,A
876,23,B
1971,18,A
2208,17,B
2330,13,A
2167,10,B
1534,24,B
656,18,A
2193,30,A
55,8,A
1694,18,A
1084,8,A
288,8,A
2134,12,B
2314,13,A
968,7,B
598,2,B
2493,30,A
1299,20,C
2395,18,A
361,24,B
91,13,A
654,30,A
744,13,A
876,29,B
2330,10,B
1391,29,B
1950,19,B
881,8,A
1955,5,B
2205,18,A
1534,18,A
262,14,C
742,17,B
744,4,B
253,8,A
1894,18,A
1391,8,A
2086,23,B
23,8,A
873,8,A
2235,14,C
358,14,C
411,8,A
1263,22,B
845,4,B
2141,11,B
2190,25,B
1899,19,B
304,11,B
1687,7,B
1829,8,A
2380,19,B
1179,25,B
1528,11,B
954,8,A
113,23,B
374,29,B
1710,13,A
1537,18,A
747,18,A
351,20,C
845,16,B
1046,29,B
1997,18,A
1258,18,A
428,13,A
1681,9,B
212,14,C
1512,26,A
1190,21,B
513,21,B
332,18,A
2233,8,A
1128,18,A
2366,20,C
2087,22,B
2441,13,A
121,8,A
1756,8,A
631,8,A
404,8,A
2017,18,A
2235,21,B
193,17,B
51,13,A
998,22,B
718,27,C
718,26,A
1131,20,C
1057,21,B
1749,18,A
2243,14,C
318,30,A
98,3,C
456,26,A
728,7,B
2217,18,A
1788,18,A
709,10,B
1193,18,A
2102,17,B
1914,15,C
730,26,A
1321,18,A
1835,13,A
235,18,A
513,18,A
2240,11,B
40,8,A
2324,8,A
1314,13,A
20,9,B
800,18,A
1015,30,A
898,4,B
1110,24,B
1937,23,B
392,11,B
1720,14,C
2277,17,B
99,13,A
1314,18,A
1944,18,A
1429,9,B
386,18,A
1869,13,A
1345,18,A
1277,17,B
1489,5,B
337,8,A
1020,22,B
518,24,B
164,17,B
1590,3,C
881,11,B
961,5,B
576,8,A
1971,30,A
1378,9,B
1502,8,A
262,13,A
2233,13,A
1409,13,A
1594,19,B
1256,13,A
1325,8,A
2295,8,A
266,13,A
960,30,A
1247,18,A
1931,13,A
2312,18,A
2170,18,A
1865,29,B
1677,23,B
1848,18,A
868,23,B
473,8,A
517,13,A
2236,13,A
650,13,A
1773,9,B
1160,8,A
256,18,A
1795,11,B
1066,17,B
510,25,B
660,17,B
329,7,B
1710,5,B
1776,8,A
2085,8,A
2322,10,B
2030,9,B
324,8,A
1403,13,A
776,13,A
640,13,A
17,8,A
1769,18,A
968,24,B
1291,18,A
2412,22,B
2121,9,B
637,11,B
2168,8,A
998,25,B
2185,30,A
681,13,A
2137,13,A
1961,19,B
1078,6,C
1831,23,B
889,10,B
1489,25,B
447,8,A
2170,10,B
421,17,B
1943,11,B
1020,13,A
2207,23,B
1849,13,A
738,13,A
1390,22,B
2035,8,A
2194,7,B
300,13,A
1803,8,A
132,9,B
727,8,A
2485,13,A
1397,8,A
515,18,A
2129,22,B
2208,14,C
2295,2,B
1795,17,B
1070,30,A
1872,23,B
1985,23,B
1040,13,A
2041,18,A
1705,8,A
1391,13,A
2359,8,A
2322,5,B
2280,8,A
806,19,B
1914,16,B
425,30,A
1012,8,A
1128,10,B
2496,17,B
976,18,A
1605,18,A
1722,26,A
291,18,A
276,18,A
2430,7,B
632,18,A
1462,17,B
122,18,A
456,4,B
117,8,A
2076,6,C
1187,18,A
2280,30,A
1740,20,C
1549,18,A
2133,22,B
2474,8,A
374,30,A
920,13,A
1558,30,A
1506,22,B
1378,29,B
396,11,B
2098,12,B
1314,16,B
324,21,B
1387,8,A
1804,13,A
1169,17,B
1040,7,B
631,18,A
113,8,A
273,18,A
1042,26,A
699,20,C
451,8,A
2162,19,B
2078,13,A
1883,30,A
1296,18,A
1872,13,A
797,8,A
1756,18,A
1534,19,B
1907,4,B
983,13,A
332,24,B
1528,18,A
166,13,A
434,18,A
1580,17,B
975,8,A
1060,18,A
2264,18,A
104,11,B
218,18,A
518,17,B
1901,13,A
74,16,B
771,8,A
2085,14,C
725,8,A
1363,19,B
111,18,A
2199,18,A
158,13,A
2149,5,B
1791,8,A
2019,12,B
669,23,B
993,13,A
1349,8,A
115,11,B
1272,19,B
261,18,A
2438,13,A
1833,22,B
1392,18,A
726,9,B
952,8,A
2081,8,A
2324,18,A
2264,25,B
1272,23,B
2361,12,B
2124,10,B
334,15,C
1453,23,B
929,18,A
2316,30,A
1916,18,A
2055,13,A
1731,30,A
2479,6,C
982,25,B
404,29,B
1330,18,A
434,16,B
57,8,A
367,25,B
1,13,A
2479,25,B
1617,2,B
949,9,B
2347,18,A
2110,7,B
684,8,A
1807,13,A
2341,18,A
491,16,B
514,8,A
1299,22,B
608,13,A
1203,18,A
1111,25,B
2108,18,A
636,10,B
1166,18,A
2047,5,B
729,9,B
1703,13,A
421,8,A
1928,9,B
1751,10,B
697,13,A
1772,18,A
1585,22,B
1459,11,B
1421,8,A
1794,13,A
384,8,A
588,10,B
2416,8,A
1978,30,A
1396,25,B
864,7,B
883,24,B
1193,8,A
1356,13,A
1046,7,B
1943,18,A
1693,23,B
2087,9,B
857,18,A
420,8,A
1758,18,A
1545,8,A
2208,13,A
511,13,A
1396,13,A
1618,13,A
131,30,A
2243,9,B
1306,8,A
1828,26,A
1907,20,C
1803,30,A
718,25,B
2142,11,B
1889,8,A
1928,18,A
93,26,A
1260,18,A
437,26,A
998,20,C
2282,18,A
2300,8,A
1975,17,B
436,16,B
2252,24,B
67,17,B
2269,8,A
1955,26,A
2051,7,B
1795,13,A
1848,13,A
2486,17,B
1294,13,A
929,8,A
1111,13,A
472,22,B
898,13,A
1536,23,B
806,8,A
644,24,B
2430,12,B
1783,21,B
766,24,B
1406,8,A
69,17,B
886,18,A
1142,8,A
909,14,C
2453,18,A
93,9,B
867,13,A
2134,8,A
2193,21,B
2064,13,A
1726,18,A
282,13,A
1865,5,B
29,30,A
2139,20,C
1333,17,B
1187,5,B
1861,8,A
371,20,C
409,22,B
2130,18,A
1965,10,B
618,20,C
2037,18,A
2087,13,A
40,5,B
2378,23,B
1520,8,A
1203,19,B
105,26,A
1835,8,A
1222,25,B
2062,12,B
1557,18,A
1248,7,B
641,13,A
982,23,B
165,13,A
929,17,B
1352,8,A
285,29,B
183,19,B
762,16,B
437,10,B
1412,25,B
691,26,A
1443,8,A
1299,30,A
1366,21,B
1505,16,B
151,8,A
526,13,A
68,30,A
1122,18,A
1703,20,C
1631,8,A
1270,8,A
458,8,A
1145,8,A
768,18,A
2263,22,B
740,29,B
1923,13,A
143,18,A
1599,19,B
806,17,B
2295,18,A
2378,17,B
842,8,A
2121,29,B
1532,8,A
32,8,A
2466,10,B
1072,8,A
2380,18,A
1601,8,A
1479,19,B
263,16,B
142,18,A
1845,10,B
624,18,A
183,8,A
334,26,A
1446,8,A
334,6,C
1104,26,A
834,30,A
780,13,A
397,20,C
19,20,C
733,18,A
993,23,B
336,8,A
2020,8,A
674,20,C
2020,13,A
1745,13,A
510,7,B
1972,8,A
1076,18,A
2240,5,B
1137,18,A
698,30,A
2178,11,B
763,8,A
707,23,B
1366,8,A
2298,13,A
635,30,A
979,7,B
1476,8,A
936,20,C
873,18,A
303,13,A
2406,13,A
17,18,A
2228,30,A
1769,22,B
605,18,A
553,8,A
676,30,A
1947,9,B
1181,7,B
961,19,B
235,9,B
1226,22,B
1812,18,A
25,13,A
1762,5,B
1917,5,B
2360,5,B
1266,30,A
661,8,A
900,7,B
1769,30,A
1825,30,A
2211,13,A
731,7,B
2167,18,A
2011,13,A
1941,13,A
741,8,A
256,26,A
2235,8,A
1136,30,A
2088,13,A
1272,4,B
2328,20,C
510,22,B
1677,5,B
1490,30,A
2210,11,B
1604,13,A
1883,8,A
1927,13,A
418,18,A
1509,24,B
1451,4,B
812,18,A
583,13,A
2381,13,A
1336,18,A
720,18,A
734,18,A
560,26,A
493,8,A
412,18,A
232,11,B
105,30,A
527,22,B
1029,7,B
198,8,A
1692,13,A
411,18,A
454,13,A
209,8,A
283,17,B
93,8,A
1184,26,A
630,13,A
806,18,A
1935,24,B
909,24,B
2087,18,A
1972,18,A
2374,9,B
1937,18,A
1542,18,A
161,18,A
707,13,A
118,18,A
2343,16,B
1978,8,A
1326,11,B
1428,18,A
421,6,C
1590,14,C
2446,13,A
697,21,B
1963,8,A
1050,14,C
108,8,A
2224,20,C
243,21,B
1598,5,B
1758,20,C
1633,13,A
1833,18,A
280,8,A
1602,29,B
1781,18,A
647,8,A
1178,18,A
96,30,A
983,6,C
982,20,C
1462,18,A
560,8,A
1633,18,A
1925,18,A
2042,10,B
1475,12,B
1289,11,B
2059,8,A
248,26,A
2062,26,A
1041,22,B
1982,13,A
2116,30,A
1434,20,C
1642,26,A
371,14,C
1032,13,A
2342,22,B
608,8,A
1879,8,A
1260,26,A
362,30,A
1990,18,A
705,8,A
101,8,A
322,8,A
600,7,B
543,8,A
2337,20,C
2395,20,C
895,26,A
703,17,B
1056,13,A
699,30,A
1568,8,A
2133,13,A
1772,13,A
2322,25,B
679,17,B
2280,16,B
1778,8,A
1828,3,C
1716,14,C
2213,26,A
883,30,A
1291,8,A
1446,14,C
802,13,A
374,22,B
1955,13,A
2193,26,A
248,22,B
1756,7,B
2185,22,B
2109,13,A
934,11,B
1370,8,A
40,18,A
1258,9,B
1678,8,A
1124,8,A
1899,16,B
1228,8,A
1081,13,A
1440,18,A
1103,16,B
2330,8,A
2083,22,B
2156,17,B
210,14,C
293,8,A
968,8,A
889,26,A
1852,16,B
162,26,A
328,18,A
2500,10,B
2420,30,A
1924,11,B
104,13,A
1549,8,A
1985,13,A
1163,8,A
1726,26,A
302,8,A
882,13,A
961,23,B
867,18,A
576,16,B
392,20,C
1569,30,A
32,13,A
591,12,B
888,10,B
1852,30,A
2462,4,B
1869,8,A
1256,30,A
196,13,A
1865,12,B
1927,8,A
816,26,A
1369,8,A
421,18,A
2079,11,B
2124,18,A
2317,11,B
1683,7,B
2006,26,A
1169,8,A
1535,8,A
1094,4,B
1694,17,B
2262,8,A
1445,8,A
273,13,A
1762,8,A
653,16,B
158,9,B
156,18,A
1779,8,A
771,14,C
722,18,A
2225,23,B
2198,23,B
681,8,A
695,14,C
2080,12,B
1073,13,A
2338,7,B
1673,12,B
1392,13,A
2372,8,A
1111,18,A
1226,13,A
1226,25,B
1197,11,B
1494,8,A
2455,22,B
1892,14,C
2114,18,A
752,13,A
418,23,B
468,18,A
979,17,B
2419,9,B
893,17,B
1529,20,C
1045,11,B
328,23,B
1489,11,B
581,8,A
2203,12,B
2350,8,A
2300,23,B
125,30,A
702,12,B
2467,16,B
503,4,B
134,22,B
1097,13,A
722,9,B
1979,29,B
762,12,B
1354,18,A
1116,30,A
1069,20,C
636,18,A
2076,8,A
1014,22,B
618,17,B
2288,8,A
1393,22,B
1158,18,A
943,18,A
1467,18,A
1856,8,A
239,14,C
1419,22,B
1990,8,A
289,4,B
419,18,A
58,17,B
2360,10,B
1134,10,B
802,8,A
2170,8,A
2289,19,B
2111,26,A
1585,17,B
1103,18,A
1019,8,A
2222,20,C
712,30,A
1081,20,C
420,13,A
2112,18,A
2337,22,B
39,8,A
1229,13,A
2445,17,B
2079,18,A
2263,8,A
2395,10,B
1839,19,B
2110,18,A
752,18,A
2095,7,B
1919,5,B
290,10,B
1899,23,B
1226,14,C
623,6,C
745,17,B
1683,26,A
1527,4,B
614,22,B
1969,8,A
2014,8,A
1916,30,A
1659,21,B
125,26,A
926,18,A
709,7,B
396,13,A
2284,18,A
2217,29,B
318,18,A
867,8,A
2284,14,C
1584,8,A
669,22,B
1430,18,A
1944,29,B
1793,19,B
1367,23,B
1557,6,C
305,22,B
939,13,A
1266,18,A
1287,26,A
695,17,B
421,13,A
538,8,A
1911,18,A
19,18,A
438,20,C
1845,5,B
1085,11,B
947,26,A
142,17,B
14,18,A
2226,13,A
1835,25,B
18,8,A
1366,30,A
1428,19,B
290,5,B
638,13,A
1865,18,A
208,8,A
1489,18,A
1367,25,B
307,26,A
1301,30,A
2374,13,A
345,7,B
1937,26,A
997,30,A
2424,8,A
1633,8,A
878,17,B
1959,30,A
118,8,A
1642,8,A
2445,8,A
305,20,C
410,8,A
1527,30,A
2190,18,A
374,18,A
538,18,A
600,13,A
692,13,A
115,19,B
947,13,A
1279,13,A
661,18,A
674,30,A
1831,9,B
2445,26,A
1391,22,B
2088,22,B
1675,7,B
181,30,A
1113,10,B
1745,30,A
304,5,B
1710,26,A
863,17,B
2378,13,A
1631,13,A
1527,11,B
1837,21,B
661,24,B
2062,18,A
47,18,A
1314,6,C
2440,8,A
692,9,B
2167,7,B
1968,8,A
56,8,A
1639,18,A
1301,13,A
637,8,A
676,16,B
889,22,B
1248,18,A
595,5,B
2432,17,B
591,7,B
2489,16,B
2496,13,A
381,30,A
1207,18,A
1648,11,B
2318,6,C
1337,5,B
1102,8,A
1453,22,B
2317,16,B
279,8,A
2364,18,A
2015,24,B
1261,16,B
1467,13,A
1111,12,B
1752,16,B
1154,13,A
2367,18,A
1869,18,A
1959,13,A
1548,29,B
1901,11,B
1060,8,A
67,8,A
210,13,A
131,18,A
1604,8,A
2275,25,B
760,26,A
2239,12,B
343,13,A
618,18,A
1834,22,B
878,8,A
1000,8,A
394,19,B
69,8,A
51,30,A
1485,8,A
2360,8,A
105,11,B
693,22,B
2266,18,A
877,29,B
1696,8,A
1396,8,A
317,30,A
317,12,B
2468,13,A
888,5,B
575,8,A
67,22,B
1872,9,B
2388,5,B
507,8,A
1773,29,B
2356,13,A
157,13,A
2322,6,C
1270,18,A
1396,18,A
989,23,B
1872,26,A
1138,8,A
630,8,A
2221,18,A
393,8,A
2455,13,A
253,20,C
2334,20,C
1445,17,B
2331,30,A
1779,13,A
1123,13,A
1081,4,B
511,18,A
290,18,A
115,18,A
2244,12,B
1490,8,A
1856,26,A
1060,2,B
816,30,A
1187,8,A
964,13,A
103,8,A
397,13,A
1613,22,B
1331,8,A
2468,12,B
2361,14,C
1104,5,B
1944,4,B
1707,26,A
2107,9,B
1985,16,B
1508,30,A
480,27,C
1078,13,A
740,8,A
1653,18,A
1831,13,A
472,14,C
545,13,A
1602,9,B
864,25,B
1845,24,B
1179,23,B
997,14,C
389,22,B
109,13,A
389,18,A
2266,21,B
949,22,B
676,10,B
165,30,A
853,18,A
1029,25,B
2262,13,A
1206,8,A
553,14,C
581,11,B
14,30,A
1520,25,B
2407,23,B
1683,8,A
526,24,B
891,16,B
2086,18,A
845,14,C
2459,22,B
249,8,A
983,16,B
275,18,A
575,18,A
2358,18,A
1216,17,B
2004,13,A
484,8,A
1717,18,A
2416,24,B
1783,29,B
1470,11,B
165,7,B
2459,30,A
181,29,B
529,1,B
2194,22,B
1937,8,A
408,14,C
39,23,B
319,8,A
1296,8,A
1965,13,A
1451,10,B
2185,28,B
2264,14,C
1042,20,C
1024,14,C
258,18,A
1017,18,A
1923,9,B
1666,18,A
1084,5,B
1675,29,B
2351,14,C
1421,26,A
998,11,B
2394,9,B
2477,30,A
1131,10,B
287,26,A
1067,24,B
1764,13,A
2279,20,C
1607,8,A
1568,16,B
73,11,B
95,8,A
1494,18,A
1978,18,A
383,13,A
2451,13,A
1944,10,B
755,13,A
982,10,B
1430,16,B
1795,22,B
283,18,A
1180,8,A
1475,13,A
69,13,A
562,26,A
294,26,A
2485,22,B
1370,13,A
968,2,B
2133,23,B
703,23,B
718,17,B
1426,30,A
779,8,A
2199,22,B
1740,8,A
331,9,B
1662,29,B
1593,8,A
684,13,A
2427,13,A
1947,12,B
2274,8,A
1357,29,B
634,9,B
511,30,A
1357,18,A
2430,8,A
2058,26,A
288,13,A
1990,13,A
1207,13,A
122,8,A
567,25,B
1511,18,A
1582,7,B
289,13,A
2241,18,A
1602,21,B
402,16,B
576,6,C
73,8,A
2051,13,A
1835,6,C
49,13,A
906,8,A
1968,18,A
954,13,A
13,10,B
805,30,A
418,9,B
1515,22,B
2424,11,B
845,25,B
929,13,A
282,8,A
972,4,B
896,29,B
1648,20,C
982,24,B
2134,30,A
1075,8,A
1558,2,B
65,5,B
816,13,A
2478,26,A
144,8,A
304,13,A
749,13,A
947,7,B
428,22,B
46,16,B
653,8,A
687,12,B
2380,13,A
1004,13,A
2069,26,A
2129,13,A
703,22,B
762,13,A
1094,13,A
2432,13,A
1542,8,A
644,5,B
624,13,A
546,8,A
67,13,A
1978,13,A
1175,21,B
978,11,B
1528,5,B
46,8,A
1490,22,B
2066,10,B
1166,20,C
345,13,A
1816,18,A
2307,7,B
932,24,B
58,22,B
1164,13,A
2412,25,B
445,8,A
575,25,B
1388,30,A
405,18,A
2129,19,B
1222,13,A
1282,22,B
2114,30,A
2230,16,B
1464,8,A
1978,9,B
2004,20,C
1617,30,A
1470,18,A
973,8,A
681,26,A
703,20,C
2168,25,B
1806,13,A
149,13,A
2134,18,A
287,18,A
1845,11,B
928,18,A
2322,22,B
1995,21,B
754,9,B
570,8,A
1445,18,A
906,13,A
1158,4,B
1263,13,A
695,13,A
1823,6,C
104,4,B
131,13,A
732,8,A
1534,11,B
2337,24,B
2208,22,B
464,26,A
1720,11,B
1179,22,B
816,14,C
2341,20,C
93,13,A
245,8,A
1527,26,A
642,9,B
1489,20,C
2193,18,A
1352,18,A
1769,2,B
2497,8,A
2154,11,B
2412,12,B
281,13,A
380,22,B
209,22,B
1113,18,A
1263,18,A
145,29,B
900,24,B
1976,20,C
1475,18,A
744,8,A
544,11,B
2080,8,A
817,29,B
712,12,B
672,13,A
2441,18,A
728,25,B
1261,24,B
1419,17,B
1296,12,B
117,13,A
242,19,B
1216,6,C
1484,18,A
1303,8,A
405,26,A
332,20,C
1788,13,A
1421,13,A
889,5,B
1180,19,B
2467,24,B
338,13,A
1536,14,C
1720,13,A
2190,12,B
409,7,B
358,18,A
2213,8,A
2467,18,A
580,13,A
1229,19,B
1437,11,B
1557,5,B
1191,8,A
1783,30,A
328,11,B
460,18,A
2065,20,C
2366,23,B
2411,8,A
447,30,A
364,18,A
156,14,C
2395,16,B
142,8,A
879,18,A
2284,12,B
2004,12,B
1445,14,C
264,18,A
122,30,A
214,18,A
2307,30,A
574,18,A
1029,18,A
790,17,B
1188,13,A
2116,23,B
2112,8,A
1529,11,B
305,18,A
384,23,B
2280,6,C
262,7,B
840,24,B
850,13,A
2231,18,A
618,13,A
1535,18,A
660,7,B
653,11,B
916,13,A
2134,26,A
1985,17,B
748,18,A
22,8,A
1566,18,A
1172,17,B
883,18,A
637,5,B
784,18,A
680,18,A
1869,19,B
2123,18,A
1970,18,A
1796,18,A
1385,26,A
2138,12,B
43,8,A
1707,30,A
235,30,A
1544,13,A
1642,13,A
1223,19,B
718,5,B
2361,20,C
2200,17,B
1051,26,A
1803,13,A
1029,17,B
1430,12,B
2351,21,B
1732,13,A
682,18,A
200,19,B
2455,17,B
1204,8,A
2012,10,B
1828,29,B
354,22,B
1989,8,A
1678,18,A
1726,7,B
220,13,A
1731,18,A
1527,23,B
1966,8,A
1763,19,B
1259,8,A
2453,4,B
876,13,A
1707,25,B
20,23,B
526,18,A
402,8,A
198,25,B
136,8,A
1146,20,C
27,30,A
338,8,A
807,18,A
22,26,A
1975,11,B
922,29,B
2334,12,B
40,11,B
965,7,B
641,8,A
2116,26,A
1836,9,B
1163,11,B
1379,7,B
2275,18,A
1078,14,C
2168,13,A
1167,9,B
2303,13,A
744,23,B
1907,14,C
1672,13,A
1098,13,A
1137,8,A
1905,18,A
1940,29,B
755,18,A
239,8,A
973,23,B
695,20,C
1907,18,A
1082,8,A
156,19,B
932,19,B
2183,13,A
805,26,A
989,11,B
1219,8,A
2076,13,A
733,13,A
2295,26,A
952,18,A
537,8,A
40,6,C
1025,8,A
216,8,A
2437,25,B
576,26,A
1590,18,A
2185,7,B
2301,5,B
2186,17,B
906,9,B
2484,14,C
623,8,A
305,26,A
85,18,A
2317,5,B
1965,19,B
1314,10,B
1837,12,B
1085,13,A
1541,10,B
2300,22,B
631,26,A
232,13,A
55,13,A
243,13,A
688,11,B
330,8,A
1397,22,B
2420,26,A
1918,8,A
20,8,A
1421,25,B
16,8,A
414,11,B
2328,18,A
1412,2,B
2027,30,A
2159,8,A
1175,9,B
1856,13,A
14,14,C
1159,4,B
2199,11,B
97,22,B
1916,26,A
1590,8,A
1094,20,C
445,21,B
1577,10,B
639,18,A
2451,26,A
1058,20,C
118,17,B
2479,13,A
510,13,A
1558,26,A
365,13,A
3,8,A
698,26,A
878,14,C
319,26,A
901,13,A
1406,18,A
926,29,B
1995,5,B
624,30,A
134,26,A
294,9,B
489,7,B
113,11,B
1287,30,A
1582,30,A
868,13,A
825,12,B
588,5,B
679,30,A
1772,30,A
95,20,C
1288,8,A
1277,8,A
1203,8,A
973,20,C
2168,26,A
660,8,A
1732,5,B
803,30,A
480,13,A
420,26,A
732,13,A
2017,8,A
949,18,A
2261,20,C
218,17,B
1379,25,B
1955,11,B
434,11,B
1510,13,A
350,16,B
1947,18,A
1536,18,A
22,4,B
1234,4,B
2407,8,A
13,5,B
1337,22,B
1412,20,C
1224,13,A
955,22,B
1976,17,B
982,14,C
481,30,A
1803,18,A
1292,26,A
1272,18,A
1659,8,A
1527,6,C
684,18,A
1541,25,B
857,8,A
2470,18,A
1042,13,A
1919,30,A
2371,2,B
816,18,A
2154,18,A
321,22,B
345,16,B
456,25,B
1613,13,A
460,13,A
17,13,A
2427,25,B
2410,8,A
1025,11,B
510,11,B
1731,5,B
703,18,A
900,22,B
1246,30,A
2162,8,A
1544,30,A
586,19,B
222,13,A
1020,18,A
1388,22,B
1312,18,A
380,18,A
881,24,B
1707,24,B
1146,18,A
947,8,A
157,11,B
656,9,B
2378,25,B
574,17,B
1831,5,B
1227,18,A
588,18,A
258,26,A
1382,18,A
257,13,A
1094,22,B
301,9,B
1307,13,A
1749,22,B
2498,6,C
1154,9,B
2280,23,B
955,10,B
2448,18,A
942,8,A
650,26,A
1502,30,A
1696,13,A
588,14,C
2134,13,A
1025,10,B
716,13,A
1263,8,A
576,9,B
387,18,A
2042,12,B
1515,8,A
2116,12,B
2421,25,B
117,14,C
1087,11,B
1535,10,B
2123,13,A
1197,18,A
1038,13,A
720,30,A
2261,18,A
1753,25,B
2082,8,A
1234,8,A
1803,24,B
306,18,A
1042,14,C
1662,13,A
2141,9,B
630,30,A
1590,23,B
2364,13,A
1901,8,A
454,20,C
1094,18,A
896,13,A
108,13,A
2330,18,A
1955,19,B
2236,16,B
710,30,A
2296,14,C
397,8,A
1218,18,A
286,29,B
1985,22,B
1599,13,A
800,10,B
558,18,A
358,16,B
2110,13,A
514,18,A
697,9,B
2475,10,B
1065,8,A
16,2,B
762,8,A
804,22,B
2184,22,B
1458,18,A
1272,8,A
2176,8,A
727,14,C
2167,5,B
2307,23,B
560,14,C
769,8,A
317,8,A
888,23,B
1889,18,A
242,25,B
2233,22,B
1263,24,B
1708,13,A
1759,11,B
276,20,C
2207,16,B
857,12,B
2367,8,A
908,18,A
2193,13,A
1776,18,A
636,13,A
2062,30,A
2328,11,B
1808,26,A
1944,9,B
1957,26,A
2324,15,C
776,12,B
1393,30,A
2139,13,A
2445,13,A
2479,16,B
1677,26,A
1673,18,A
1020,12,B
1014,8,A
941,18,A
162,13,A
1111,8,A
442,9,B
812,26,A
1687,16,B
1917,7,B
1864,18,A
882,18,A
2301,13,A
641,16,B
1527,13,A
253,18,A
285,10,B
503,14,C
425,22,B
28,18,A
1299,5,B
1428,16,B
928,26,A
232,25,B
371,11,B
2337,17,B
1620,24,B
2170,20,C
2251,26,A
1489,14,C
2244,30,A
2474,29,B
2381,8,A
1779,18,A
1003,30,A
2393,23,B
2369,22,B
1001,17,B
762,23,B
1317,26,A
2467,25,B
1935,7,B
2443,13,A
1005,13,A
2312,8,A
1764,7,B
110,13,A
849,4,B
983,8,A
1316,20,C
322,18,A
983,20,C
908,8,A
1546,12,B
2183,30,A
1528,8,A
2441,30,A
1954,5,B
923,8,A
1901,25,B
1483,8,A
1307,8,A
2277,20,C
614,11,B
275,13,A
1689,13,A
1922,8,A
2173,18,A
2097,11,B
1745,8,A
1297,13,A
1082,26,A
1920,13,A
342,8,A
2182,30,A
2303,18,A
2452,10,B
857,23,B
1659,23,B
1138,13,A
1481,11,B
2312,13,A
2147,8,A
1856,24,B
687,30,A
2139,18,A
911,8,A
2194,8,A
2307,13,A
1420,13,A
1547,18,A
2421,12,B
606,8,A
698,8,A
491,13,A
121,13,A
663,8,A
2208,26,A
354,8,A
2171,23,B
139,13,A
1501,8,A
1406,7,B
1919,20,C
1923,8,A
57,4,B
2046,30,A
1634,26,A
982,5,B
125,23,B
920,4,B
2305,26,A
1924,8,A
1248,8,A
1098,22,B
1856,30,A
1976,8,A
661,7,B
1406,12,B
324,29,B
703,25,B
1620,12,B
2412,18,A
1920,18,A
973,18,A
49,25,B
361,13,A
83,29,B
968,26,A
1239,13,A
1975,5,B
331,8,A
2427,8,A
2008,19,B
1740,13,A
2331,17,B
1873,30,A
548,8,A
676,20,C
1452,13,A
1064,20,C
2019,14,C
759,30,A
1277,24,B
243,7,B
74,18,A
971,13,A
679,13,A
2027,8,A
365,18,A
1336,2,B
2004,14,C
2329,5,B
568,18,A
58,23,B
1985,18,A
1164,18,A
2322,17,B
934,13,A
1864,21,B
133,8,A
1390,18,A
1820,15,C
125,8,A
989,30,A
2334,17,B
2047,13,A
896,23,B
718,30,A
1385,18,A
2217,13,A
2479,11,B
2467,22,B
1899,17,B
1526,8,A
2406,9,B
215,13,A
952,13,A
8,17,B
908,13,A
69,7,B
1042,30,A
1053,7,B
28,14,C
1831,8,A
211,13,A
2484,15,C
1336,8,A
1995,9,B
1074,11,B
1190,8,A
669,18,A
1767,5,B
1303,22,B
1823,8,A
1869,14,C
92,8,A
2318,5,B
1831,18,A
1468,18,A
2277,18,A
803,17,B
2111,9,B
1461,8,A
1948,18,A
374,13,A
140,13,A
2485,8,A
1779,17,B
2446,4,B
52,22,B
162,18,A
232,16,B
2443,4,B
2156,8,A
2134,24,B
2462,16,B
2459,2,B
831,24,B
1932,18,A
2459,16,B
391,17,B
2082,4,B
771,16,B
47,13,A
384,16,B
1668,8,A
456,14,C
2317,14,C
495,26,A
2329,13,A
562,18,A
1767,14,C
961,8,A
1602,18,A
1763,13,A
2131,8,A
586,14,C
2176,18,A
495,20,C
920,5,B
2066,5,B
1988,30,A
2395,11,B
896,22,B
932,11,B
1914,24,B
469,26,A
454,12,B
1351,13,A
39,30,A
1072,13,A
1858,8,A
2050,26,A
39,26,A
510,8,A
2149,13,A
2133,14,C
205,13,A
144,11,B
371,25,B
993,9,B
548,18,A
1790,29,B
346,18,A
469,13,A
2147,12,B
2459,26,A
1534,25,B
2245,8,A
612,13,A
131,12,B
768,7,B
1802,21,B
2448,17,B
7,16,B
891,13,A
1917,12,B
1520,13,A
1453,24,B
1862,7,B
1067,30,A
1087,8,A
301,14,C
2158,18,A
2274,17,B
856,13,A
1337,16,B
2097,13,A
2400,19,B
2070,13,A
1953,13,A
2217,9,B
932,13,A
1388,17,B
470,16,B
329,18,A
1473,4,B
179,8,A
127,14,C
1545,13,A
1546,22,B
2317,13,A
605,13,A
1917,26,A
49,9,B
1238,13,A
2360,25,B
918,17,B
909,23,B
1040,25,B
1277,18,A
1245,11,B
212,26,A
524,8,A
1579,13,A
853,23,B
802,18,A
529,30,A
766,4,B
2361,18,A
1064,16,B
1742,18,A
4,8,A
517,21,B
1296,13,A
647,13,A
1453,14,C
113,20,C
1537,8,A
1961,30,A
1425,23,B
117,22,B
1763,18,A
1190,11,B
1238,22,B
574,8,A
271,26,A
2407,26,A
710,18,A
603,30,A
849,8,A
1582,29,B
1529,5,B
1470,13,A
437,13,A
1759,9,B
1370,22,B
1791,13,A
726,18,A
805,12,B
1985,8,A
1546,13,A
1911,13,A
489,8,A
1783,23,B
386,13,A
2069,13,A
2373,12,B
1378,7,B
1178,13,A
973,13,A
1865,13,A
1966,18,A
972,12,B
934,17,B
2270,7,B
1660,13,A
502,18,A
1128,14,C
2162,7,B
139,18,A
2310,18,A
498,20,C
1549,30,A
442,8,A
1979,18,A
361,26,A
2482,13,A
1947,16,B
523,18,A
1312,12,B
464,22,B
285,18,A
2300,16,B
138,29,B
1172,8,A
345,2,B
1916,20,C
454,26,A
665,26,A
976,22,B
2494,18,A
705,18,A
42,13,A
2410,13,A
2489,13,A
728,16,B
2226,14,C
1726,8,A
2095,18,A
39,13,A
1357,8,A
140,30,A
374,20,C
2110,5,B
1937,24,B
583,26,A
889,20,C
1164,8,A
1579,26,A
693,18,A
2053,24,B
895,8,A
1663,18,A
1297,8,A
2400,25,B
2437,8,A
909,18,A
1103,15,C
988,30,A
740,7,B
1104,18,A
324,26,A
2260,13,A
412,12,B
469,23,B
223,13,A
1336,7,B
732,22,B
332,26,A
1333,18,A
22,22,B
221,8,A
1546,25,B
1403,18,A
684,30,A
2137,8,A
633,13,A
3,13,A
2006,22,B
718,19,B
1117,2,B
1591,18,A
2013,8,A
742,18,A
931,18,A
2286,29,B
2284,16,B
1807,8,A
1138,30,A
1353,24,B
1534,6,C
1304,18,A
603,26,A
968,30,A
742,11,B
1491,8,A
1939,18,A
2007,18,A
982,22,B
1057,7,B
2233,16,B
2317,26,A
434,22,B
784,8,A
1463,26,A
329,13,A
524,13,A
995,30,A
1247,8,A
636,14,C
78,17,B
2171,16,B
55,9,B
2432,8,A
1216,7,B
131,26,A
489,13,A
1980,18,A
1488,18,A
1814,8,A
718,11,B
2330,9,B
896,9,B
13,8,A
358,25,B
800,17,B
1527,5,B
2194,26,A
888,13,A
868,12,B
1720,18,A
1906,8,A
2007,11,B
1378,13,A
881,18,A
1070,22,B
597,14,C
2029,17,B
287,8,A
1515,13,A
2334,13,A
2319,26,A
787,8,A
1430,20,C
2064,18,A
1754,8,A
425,26,A
1159,13,A
891,5,B
1239,8,A
2370,13,A
1083,8,A
572,26,A
638,8,A
283,23,B
2011,18,A
491,8,A
1256,21,B
290,13,A
119,8,A
223,20,C
421,20,C
710,16,B
389,23,B
335,18,A
2030,24,B
317,18,A
1962,23,B
1041,17,B
1581,18,A
961,18,A
1640,5,B
2208,8,A
1707,11,B
513,25,B
1058,18,A
188,8,A
400,23,B
1943,26,A
845,9,B
1803,14,C
65,9,B
1585,18,A
1216,25,B
101,18,A
676,24,B
46,17,B
2459,13,A
2451,9,B
1263,30,A
738,5,B
1337,23,B
699,13,A
1113,22,B
1041,10,B
1204,18,A
287,4,B
2200,30,A
365,28,B
2086,12,B
1350,26,A
784,13,A
2131,22,B
591,23,B
300,30,A
1969,18,A
1568,13,A
840,13,A
332,13,A
2178,7,B
389,14,C
1591,9,B
647,25,B
1752,14,C
760,8,A
674,17,B
19,22,B
1142,20,C
920,22,B
1768,13,A
745,8,A
312,13,A
2178,16,B
1563,18,A
583,8,A
1555,18,A
2443,30,A
938,18,A
889,23,B
690,24,B
117,26,A
2058,30,A
1774,8,A
1366,13,A
941,7,B
727,13,A
72,16,B
1314,20,C
740,9,B
2075,18,A
2235,9,B
1854,23,B
1864,13,A
1607,18,A
1803,15,C
88,14,C
1821,13,A
122,13,A
2446,18,A
1754,11,B
936,16,B
463,13,A
989,13,A
1479,24,B
1695,13,A
575,30,A
644,18,A
1146,13,A
1367,30,A
2400,22,B
778,30,A
1816,8,A
1491,16,B
1558,13,A
1430,25,B
676,3,C
1197,23,B
1710,30,A
544,18,A
2070,20,C
975,18,A
2245,10,B
584,8,A
1673,16,B
1609,11,B
2234,14,C
2193,23,B
1070,8,A
271,8,A
2223,26,A
1759,18,A
932,26,A
351,5,B
636,22,B
1653,8,A
1708,18,A
881,13,A
290,7,B
2130,8,A
2448,14,C
1163,13,A
113,7,B
1264,18,A
2178,18,A
844,13,A
1862,18,A
2274,30,A
1277,10,B
2459,14,C
243,8,A
1375,8,A
1481,18,A
2167,14,C
2228,18,A
472,18,A
1974,30,A
2354,8,A
454,8,A
1331,26,A
1050,18,A
2270,23,B
1390,17,B
1138,26,A
2378,11,B
2266,13,A
1974,18,A
2210,8,A
1167,14,C
997,18,A
1975,25,B
647,4,B
2377,18,A
670,26,A
595,18,A
694,13,A
2015,20,C
368,8,A
468,13,A
567,26,A
1261,13,A
112,13,A
1607,30,A
1420,30,A
208,30,A
1061,18,A
2498,13,A
376,22,B
952,7,B
2305,18,A
2062,13,A
1085,18,A
2209,20,C
577,13,A
786,8,A
876,22,B
85,17,B
1491,6,C
454,18,A
249,13,A
2317,23,B
2470,8,A
1366,18,A
1,29,B
2080,18,A
2380,5,B
104,9,B
1277,20,C
1864,8,A
515,11,B
1122,8,A
2213,4,B
1024,22,B
1370,12,B
1710,23,B
1282,17,B
208,13,A
2226,20,C
1318,13,A
2194,13,A
674,14,C
1764,23,B
1336,17,B
1245,18,A
1828,28,B
1740,18,A
1747,8,A
996,26,A
1754,2,B
771,25,B
20,18,A
336,5,B
1166,6,C
1434,7,B
192,22,B
219,12,B
114,13,A
1579,25,B
895,13,A
1694,8,A
2334,8,A
361,30,A
2284,8,A
1299,13,A
346,8,A
1646,13,A
2462,8,A
1098,11,B
80,13,A
2400,16,B
868,20,C
1430,8,A
2016,26,A
2416,18,A
1004,8,A
2374,23,B
1066,25,B
1541,5,B
800,5,B
586,11,B
1256,7,B
1694,11,B
1759,20,C
1454,18,A
1821,11,B
2393,8,A
133,18,A
81,14,C
1078,17,B
879,23,B
2115,16,B
1675,13,A
1492,8,A
707,21,B
1145,20,C
1621,18,A
1617,28,B
1534,22,B
2450,22,B
483,13,A
226,8,A
397,18,A
2102,18,A
2088,18,A
1921,4,B
1369,13,A
1873,5,B
2498,18,A
1541,8,A
2443,18,A
1091,13,A
978,10,B
1370,18,A
1584,18,A
1326,13,A
381,13,A
1506,18,A
2427,3,C
2088,8,A
2244,18,A
2124,8,A
2366,16,B
1832,18,A
1548,18,A
2129,18,A
849,21,B
2094,18,A
377,4,B
936,17,B
1974,26,A
1935,18,A
1526,13,A
968,18,A
1473,13,A
214,8,A
844,12,B
1767,10,B
996,8,A
693,13,A
418,4,B
96,26,A
235,26,A
968,17,B
623,14,C
2047,8,A
1778,22,B
242,18,A
2154,13,A
1139,8,A
1733,27,C
156,11,B
451,13,A
2037,29,B
1746,8,A
2360,7,B
387,8,A
1928,26,A
1667,8,A
708,9,B
1542,26,A
1256,8,A
221,18,A
1879,13,A
1883,18,A
766,16,B
472,20,C
253,14,C
637,18,A
2451,8,A
1066,8,A
1451,11,B
2217,16,B
1677,11,B
778,27,C
248,25,B
1536,25,B
470,22,B
861,30,A
1518,30,A
596,8,A
97,8,A
228,18,A
997,29,B
1506,13,A
924,13,A
1528,13,A
7,18,A
886,13,A
2479,18,A
2190,13,A
2171,18,A
722,5,B
1678,13,A
88,23,B
575,13,A
495,18,A
2274,5,B
2262,18,A
993,12,B
2264,20,C
1892,18,A
1263,26,A
2489,25,B
737,26,A
1473,9,B
1790,18,A
588,22,B
384,29,B
1271,8,A
688,9,B
1248,13,A
1393,18,A
1111,22,B
957,13,A
1451,22,B
1617,11,B
1792,8,A
2007,30,A
1555,8,A
971,18,A
2211,18,A
1246,7,B
1300,8,A
2412,16,B
1517,14,C
1034,18,A
601,13,A
1509,21,B
788,11,B
536,30,A
928,16,B
362,18,A
1598,25,B
560,13,A
2117,8,A
1382,30,A
2361,7,B
183,18,A
1038,18,A
1178,22,B
2269,13,A
999,13,A
1620,14,C
2097,29,B
110,19,B
211,18,A
2183,17,B
492,18,A
2194,9,B
1314,8,A
235,13,A
942,20,C
1206,13,A
1351,8,A
2117,13,A
1767,8,A
598,30,A
947,30,A
1795,29,B
1872,16,B
762,7,B
2019,8,A
445,18,A
2370,16,B
2331,26,A
378,8,A
638,18,A
2484,18,A
72,6,C
1639,8,A
262,11,B
1914,30,A
2322,8,A
2190,14,C
2278,4,B
2300,13,A
458,12,B
1271,4,B
251,5,B
2432,11,B
919,8,A
2270,25,B
690,8,A
387,13,A
353,18,A
2261,17,B
2328,27,C
1673,13,A
2129,5,B
1425,13,A
1804,5,B
644,7,B
906,29,B
1510,20,C
1088,17,B
1417,18,A
2337,8,A
1502,29,B
1089,13,A
6,7,B
1130,8,A
1060,26,A
1640,10,B
2116,6,C
377,13,A
1847,8,A
1764,12,B
583,2,B
594,13,A
1378,16,B
660,20,C
1053,13,A
2312,23,B
2385,8,A
1683,16,B
1982,8,A
644,22,B
2376,11,B
297,13,A
1821,18,A
371,21,B
1936,8,A
1317,18,A
1829,13,A
1828,13,A
2455,8,A
212,8,A
376,12,B
2086,9,B
1024,18,A
2102,30,A
2288,13,A
2395,13,A
747,13,A
2478,18,A
1720,20,C
2354,9,B
1978,2,B
1066,18,A
413,26,A
2432,16,B
1856,18,A
1011,8,A
712,21,B
682,30,A
1312,13,A
143,8,A
1293,18,A
807,9,B
803,18,A
605,19,B
1228,30,A
404,16,B
1944,19,B
2459,17,B
1017,15,C
1024,13,A
1238,27,C
817,13,A
1653,20,C
2248,16,B
2110,26,A
901,8,A
609,30,A
113,6,C
1759,8,A
411,20,C
707,18,A
624,8,A
707,8,A
142,26,A
1245,8,A
68,1,B
1517,8,A
1689,18,A
1861,13,A
2305,8,A
511,24,B
2185,23,B
1081,14,C
621,13,A
633,18,A
2351,20,C
674,11,B
1158,13,A
693,23,B
903,8,A
641,26,A
2209,22,B
57,18,A
214,13,A
463,18,A
1812,8,A
706,30,A
1082,17,B
20,13,A
2467,9,B
1364,13,A
2317,8,A
404,18,A
2459,8,A
2007,19,B
1764,16,B
2421,23,B
1959,26,A
2207,20,C
1291,13,A
2453,5,B
212,30,A
256,16,B
1577,20,C
1756,30,A
766,29,B
1376,13,A
2085,23,B
1186,18,A
1104,13,A
2496,18,A
1998,8,A
1753,7,B
1536,26,A
113,13,A
29,8,A
2462,21,B
1916,13,A
219,26,A
2183,18,A
2447,13,A
490,26,A
377,18,A
1425,8,A
2200,28,B
2129,8,A
1229,18,A
982,8,A
588,11,B
800,22,B
1261,8,A
1642,22,B
1921,18,A
1949,18,A
489,6,C
1142,23,B
2280,12,B
2200,18,A
630,1,B
644,13,A
1312,8,A
1055,8,A
598,23,B
1397,12,B
132,29,B
165,29,B
2228,8,A
1166,8,A
1595,18,A
2194,15,C
467,18,A
1663,9,B
1694,20,C
1534,9,B
2486,25,B
1630,25,B
2247,8,A
256,22,B
1575,18,A
1069,9,B
864,26,A
2112,23,B
2083,13,A
2018,7,B
400,22,B
2266,29,B
104,17,B
1458,8,A
707,11,B
1814,18,A
1585,19,B
1488,13,A
2467,11,B
955,11,B
490,30,A
2066,16,B
2240,14,C
492,16,B
2024,5,B
877,8,A
1642,18,A
1806,12,B
1245,13,A
334,13,A
871,8,A
936,8,A
1272,14,C
624,26,A
1016,23,B
853,22,B
1240,18,A
1282,14,C
1169,11,B
1807,25,B
1919,8,A
8,10,B
2318,7,B
637,10,B
397,14,C
1216,13,A
256,13,A
608,17,B
2079,7,B
2420,18,A
687,18,A
6,8,A
1919,7,B
2429,30,A
1305,18,A
1312,6,C
1299,18,A
2426,13,A
690,13,A
1379,16,B
1356,8,A
2030,29,B
1087,18,A
526,22,B
1803,22,B
110,8,A
1264,5,B
804,11,B
2334,25,B
785,26,A
2270,13,A
788,25,B
2455,18,A
2148,30,A
1431,18,A
329,20,C
830,8,A
972,10,B
2345,8,A
1895,8,A
2462,12,B
761,10,B
2337,13,A
2130,13,A
1379,10,B
1160,13,A
1375,22,B
574,19,B
2185,10,B
608,18,A
1039,12,B
1914,26,A
697,18,A
1492,30,A
793,18,A
149,8,A
1490,18,A
2448,30,A
586,8,A
876,20,C
232,8,A
878,11,B
381,10,B
1540,18,A
612,8,A
693,3,C
132,30,A
2080,7,B
1928,8,A
1098,8,A
1966,6,C
434,14,C
995,2,B
568,12,B
2378,14,C
1821,5,B
1901,17,B
378,16,B
156,8,A
2142,18,A
1733,26,A
1261,19,B
394,11,B
113,21,B
989,18,A
932,8,A
2289,8,A
2084,8,A
1935,13,A
2146,8,A
2360,13,A
2075,17,B
468,11,B
1174,13,A
1,12,B
2489,4,B
1393,29,B
979,19,B
55,18,A
1113,13,A
1668,4,B
1287,13,A
287,11,B
1856,25,B
873,12,B
93,18,A
1139,17,B
2058,29,B
428,7,B
2124,13,A
998,8,A
2131,13,A
1710,18,A
1537,13,A
1731,8,A
1470,5,B
413,13,A
2063,30,A
2479,7,B
972,8,A
345,10,B
2427,23,B
513,2,B
2488,16,B
1349,23,B
1141,13,A
447,13,A
975,14,C
703,8,A
300,8,A
1050,13,A
1097,18,A
1216,9,B
816,23,B
2237,9,B
817,7,B
986,26,A
1258,30,A
1955,14,C
1881,18,A
2244,13,A
194,8,A
607,8,A
2162,10,B
1540,13,A
2305,20,C
2016,13,A
1491,4,B
205,16,B
2190,8,A
1823,24,B
1117,13,A
2334,14,C
1607,13,A
217,22,B
1631,11,B
2423,18,A
2318,14,C
2055,12,B
1620,30,A
988,20,C
1461,18,A
1752,12,B
1677,7,B
1142,22,B
896,17,B
93,16,B
2489,23,B
438,18,A
800,23,B
2198,17,B
1541,14,C
2082,18,A
2109,12,B
164,24,B
806,30,A
1005,8,A
1598,8,A
1540,8,A
538,25,B
219,13,A
722,23,B
742,14,C
85,26,A
2324,30,A
2307,26,A
467,13,A
1563,13,A
2231,19,B
1318,8,A
709,8,A
863,8,A
609,26,A
2007,8,A
1364,30,A
143,13,A
622,7,B
956,8,A
898,18,A
1,22,B
806,10,B
1463,18,A
2452,13,A
1499,8,A
109,8,A
889,13,A
1753,18,A
788,20,C
319,13,A
2370,22,B
1330,19,B
2421,9,B
208,17,B
676,13,A
1971,26,A
1071,5,B
1795,18,A
786,14,C
2075,25,B
99,18,A
597,8,A
324,30,A
58,18,A
524,18,A
806,12,B
2107,18,A
2178,13,A
1418,8,A
553,18,A
2482,8,A
2263,13,A
1687,8,A
2452,14,C
982,13,A
1907,7,B
218,8,A
1810,8,A
1016,7,B
2116,25,B
2006,13,A
45,8,A
2007,13,A
456,18,A
1883,26,A
2262,26,A
2314,18,A
2085,20,C
849,12,B
1011,21,B
1837,18,A
46,20,C
1604,18,A
365,26,A
1459,18,A
1391,30,A
2198,13,A
2419,8,A
2270,5,B
1729,4,B
2182,26,A
1167,13,A
2194,29,B
1901,16,B
1716,13,A
1388,7,B
123,13,A
294,11,B
2280,19,B
2481,18,A
58,9,B
812,30,A
105,28,B
1336,25,B
588,19,B
1609,18,A
2378,16,B
1211,18,A
1121,8,A
786,20,C
2149,19,B
1383,9,B
1822,13,A
2337,7,B
2164,8,A
705,16,B
513,13,A
43,10,B
1376,16,B
2138,8,A
209,18,A
2318,26,A
1558,14,C
2224,13,A
394,16,B
2080,16,B
459,18,A
712,26,A
1084,30,A
1598,17,B
2499,8,A
1544,8,A
467,16,B
1379,22,B
1541,13,A
2300,14,C
1284,14,C
2459,23,B
2280,25,B
621,18,A
2354,13,A
1277,13,A
1004,9,B
1169,18,A
361,25,B
1746,18,A
104,18,A
2033,18,A
2199,6,C
926,8,A
573,12,B
386,8,A
2467,17,B
1896,18,A
1229,25,B
700,12,B
1778,14,C
291,20,C
1464,18,A
351,13,A
956,22,B
2083,18,A
262,8,A
1931,18,A
1784,26,A
576,13,A
2224,25,B
1393,26,A
776,30,A
863,19,B
1117,30,A
1289,18,A
142,30,A
1788,7,B
1000,18,A
101,11,B
1203,5,B
2186,24,B
216,13,A
996,30,A
1397,13,A
1057,23,B
1285,8,A
679,20,C
1577,14,C
2405,18,A
1723,18,A
246,8,A
367,26,A
1749,20,C
1113,9,B
891,12,B
2354,18,A
40,7,B
1284,13,A
443,18,A
788,18,A
934,22,B
1705,14,C
1016,8,A
1648,18,A
1803,26,A
356,13,A
2455,19,B
816,8,A
1975,7,B
1579,22,B
1379,18,A
2432,22,B
2041,8,A
1873,23,B
1461,13,A
223,14,C
1060,30,A
2322,19,B
1879,18,A
2111,7,B
583,18,A
230,8,A
2369,8,A
1001,18,A
2261,8,A
1906,16,B
418,17,B
294,22,B
294,8,A
1104,11,B
1969,13,A
166,18,A
2445,20,C
999,26,A
2412,20,C
1834,8,A
376,8,A
738,14,C
2324,16,B
2344,18,A
712,13,A
2194,30,A
2264,13,A
709,20,C
2108,8,A
404,30,A
1297,9,B
1556,14,C
1936,20,C
2345,14,C
1265,18,A
2410,26,A
198,12,B
2345,11,B
682,26,A
140,26,A
1316,18,A
1630,24,B
1258,8,A
1584,13,A
1409,18,A
2068,17,B
1117,8,A
239,2,B
2328,8,A
2432,25,B
321,8,A
2085,16,B
2288,7,B
492,8,A
830,13,A
800,25,B
312,8,A
426,8,A
1434,8,A
1102,30,A
1648,13,A
2395,7,B
1749,9,B
131,8,A
322,13,A
1763,11,B
2296,8,A
2007,25,B
1501,13,A
1134,20,C
65,8,A
1018,26,A
1159,10,B
2479,10,B
2117,18,A
1269,13,A
1937,13,A
816,6,C
1767,16,B
856,4,B
1881,13,A
1939,8,A
1529,18,A
13,11,B
1705,4,B
285,17,B
404,13,A
893,18,A
520,18,A
786,18,A
1287,9,B
1272,22,B
915,13,A
2329,7,B
1378,6,C
575,9,B
1065,19,B
2379,8,A
823,18,A
2381,18,A
1179,18,A
2124,12,B
806,20,C
1303,4,B
85,20,C
1911,8,A
1388,18,A
1808,30,A
1998,13,A
2489,14,C
2307,8,A
405,30,A
1071,13,A
691,18,A
2489,21,B
955,8,A
470,13,A
1807,6,C
1128,8,A
986,13,A
1048,18,A
916,8,A
1924,18,A
2092,13,A
1676,23,B
949,14,C
545,18,A
1976,11,B
115,16,B
1394,13,A
654,26,A
2263,27,C
113,18,A
371,8,A
2184,18,A
2459,12,B
932,25,B
2233,30,A
1797,13,A
1166,14,C
642,4,B
924,26,A
193,8,A
1468,30,A
1116,26,A
1256,18,A
196,17,B
114,18,A
788,10,B
567,8,A
942,15,C
1541,22,B
374,11,B
1676,8,A
591,25,B
889,14,C
618,25,B
669,6,C
2071,18,A
1872,18,A
142,13,A
303,16,B
2078,30,A
1505,18,A
228,13,A
1042,23,B
354,7,B
1528,20,C
2017,25,B
1861,26,A
2224,26,A
2375,13,A
695,7,B
1349,22,B
283,7,B
2262,30,A
294,13,A
1159,8,A
1354,25,B
2427,18,A
1764,19,B
569,22,B
1901,14,C
1316,30,A
2215,18,A
88,20,C
534,8,A
104,20,C
454,30,A
868,8,A
1917,6,C
2294,13,A
2207,8,A
376,13,A
1676,29,B
1975,23,B
1055,2,B
1852,7,B
2223,13,A
8,5,B
2004,17,B
805,19,B
2142,17,B
2100,8,A
1175,18,A
127,13,A
2432,18,A
2110,28,B
563,13,A
955,25,B
1434,23,B
221,13,A
1995,25,B
2186,25,B
1015,13,A
888,22,B
18,21,B
2341,15,C
2451,4,B
2099,18,A
425,8,A
68,23,B
2115,18,A
1517,11,B
348,13,A
927,18,A
2181,8,A
1085,16,B
718,13,A
1151,18,A
752,8,A
196,11,B
1899,26,A
607,18,A
1865,30,A
403,26,A
1804,22,B
591,13,A
1601,29,B
761,25,B
787,13,A
1316,13,A
236,29,B
681,2,B
136,25,B
67,18,A
2262,12,B
1732,25,B
1344,14,C
2405,8,A
546,13,A
1530,29,B
1862,29,B
1816,11,B
362,13,A
418,8,A
2053,8,A
2209,13,A
1707,13,A
2415,8,A
534,7,B
1424,8,A
761,7,B
192,18,A
508,8,A
1420,17,B
2459,18,A
219,30,A
1847,18,A
1082,18,A
2084,18,A
825,9,B
1382,13,A
2500,19,B
418,25,B
91,18,A
1256,5,B
392,23,B
1535,22,B
644,8,A
484,18,A
1726,16,B
1134,8,A
745,25,B
1873,13,A
2329,8,A
895,9,B
1823,13,A
603,18,A
2277,14,C
354,13,A
266,9,B
1899,18,A
647,14,C
1146,12,B
1776,6,C
1394,8,A
1929,18,A
527,18,A
1445,7,B
283,16,B
2331,18,A
660,22,B
1974,8,A
193,18,A
364,2,B
2467,13,A
2481,8,A
979,6,C
125,22,B
510,4,B
378,13,A
1659,13,A
2161,26,A
968,22,B
569,8,A
2341,8,A
1987,18,A
706,13,A
1502,26,A
1631,14,C
882,8,A
1806,17,B
513,8,A
663,12,B
1577,18,A
2200,13,A
2100,22,B
2294,8,A
1356,17,B
1633,12,B
607,13,A
2314,8,A
1794,18,A
2237,22,B
1993,13,A
304,27,C
2466,19,B
788,26,A
1634,12,B
1353,12,B
1333,23,B
2424,18,A
1475,7,B
219,18,A
305,2,B
790,18,A
702,25,B
2066,13,A
1936,18,A
2479,20,C
1190,20,C
1854,8,A
1995,18,A
939,18,A
1624,18,A
2114,13,A
1703,19,B
1767,20,C
319,18,A
641,18,A
1246,8,A
691,30,A
1541,16,B
489,16,B
192,8,A
414,18,A
2244,17,B
1070,18,A
2407,30,A
2203,18,A
647,2,B
29,2,B
1082,15,C
2376,13,A
1470,8,A
1421,30,A
973,16,B
321,5,B
2240,19,B
1517,18,A
2312,22,B
1862,8,A
48,19,B
754,29,B
2366,18,A
2424,22,B
800,8,A
278,8,A
960,26,A
2018,18,A
1930,13,A
1696,18,A
418,12,B
1117,18,A
845,18,A
2141,10,B
71,18,A
2452,18,A
40,19,B
239,13,A
1182,30,A
1165,18,A
1985,10,B
1620,13,A
456,20,C
2008,2,B
901,29,B
1767,11,B
18,13,A
2076,18,A
1907,16,B
575,26,A
1631,18,A
2024,9,B
1317,11,B
77,10,B
271,2,B
732,18,A
2222,8,A
2147,18,A
1852,4,B
1111,16,B
1045,8,A
693,20,C
1803,5,B
1803,20,C
1943,13,A
1528,30,A
726,11,B
883,13,A
1475,8,A
544,8,A
718,3,C
380,25,B
2184,14,C
1352,17,B
575,29,B
1767,22,B
2115,6,C
1234,18,A
293,18,A
1989,18,A
467,11,B
725,18,A
413,7,B
2322,13,A
1378,26,A
1509,23,B
718,10,B
708,26,A
290,11,B
2280,26,A
1004,18,A
1759,13,A
641,20,C
1923,18,A
2324,29,B
243,23,B
1722,18,A
1060,7,B
304,8,A
65,7,B
413,16,B
198,13,A
1836,18,A
1511,17,B
383,16,B
2427,21,B
425,18,A
2500,8,A
1397,18,A
825,8,A
1287,21,B
995,13,A
942,14,C
1527,7,B
1943,22,B
1912,13,A
709,18,A
926,9,B
918,28,B
307,8,A
121,18,A
1434,13,A
2412,13,A
1781,8,A
65,13,A
1186,8,A
1586,5,B
1579,8,A
227,18,A
389,12,B
1729,13,A
1745,18,A
676,5,B
2328,14,C
1081,18,A
976,8,A
149,26,A
1872,24,B
1238,1,B
895,12,B
1382,8,A
68,17,B
540,23,B
351,19,B
1892,8,A
943,11,B
157,18,A
2076,26,A
2144,20,C
2064,8,A
2234,21,B
601,12,B
114,8,A
195,13,A
1620,20,C
328,8,A
842,13,A
2360,11,B
662,18,A
253,25,B
1535,13,A
2390,7,B
2083,8,A
1708,8,A
1029,8,A
1767,19,B
2369,18,A
335,30,A
2178,20,C
1586,10,B
114,26,A
1146,17,B
1549,13,A
1532,18,A
470,8,A
1726,23,B
1136,8,A
1535,20,C
1662,23,B
1238,12,B
2188,18,A
763,13,A
896,18,A
472,17,B
1078,7,B
2085,13,A
517,17,B
2317,7,B
210,18,A
2331,5,B
1293,13,A
1179,11,B
2459,20,C
1598,13,A
1816,24,B
2176,13,A
2070,8,A
1187,13,A
68,18,A
1579,17,B
1084,13,A
688,13,A
871,13,A
492,14,C
1240,16,B
1617,5,B
999,30,A
2361,13,A
1662,9,B
1854,21,B
2187,8,A
1957,18,A
1906,18,A
2277,7,B
1602,8,A
573,8,A
749,18,A
850,8,A
840,14,C
184,4,B
740,18,A
1103,13,A
239,20,C
1289,30,A
2088,7,B
518,18,A
2141,30,A
1526,18,A
2366,22,B
1917,27,C
1821,25,B
2221,8,A
820,18,A
1066,13,A
1833,11,B
2350,13,A
1966,17,B
493,17,B
156,22,B
2494,17,B
2294,2,B
2184,13,A
647,18,A
1693,29,B
603,13,A
900,18,A
1833,17,B
676,17,B
2289,18,A
787,18,A
1729,26,A
993,6,C
1848,8,A
2063,26,A
1111,30,A
445,13,A
797,4,B
125,13,A
2019,17,B
262,6,C
1823,23,B
820,13,A
133,12,B
1326,8,A
1488,8,A
1445,13,A
1928,13,A
1747,26,A
1367,13,A
2079,13,A
1976,14,C
743,12,B
155,8,A
1451,20,C
1822,22,B
1598,14,C
1797,8,A
601,8,A
2139,10,B
184,8,A
123,8,A
908,22,B
1709,13,A
1572,18,A
859,14,C
895,18,A
184,13,A
1567,13,A
1850,16,B
2427,20,C
2097,30,A
1454,9,B
771,29,B
27,13,A
1103,23,B
109,9,B
1396,22,B
1238,30,A
1807,18,A
187,26,A
2455,16,B
2405,13,A
37,8,A
390,18,A
1258,1,B
1873,18,A
2236,8,A
859,16,B
2051,26,A
314,19,B
432,26,A
1473,11,B
283,19,B
412,23,B
1619,13,A
1975,18,A
747,8,A
1098,26,A
2170,14,C
1453,29,B
1452,18,A
606,13,A
22,18,A
2375,18,A
301,11,B
1924,13,A
1588,13,A
942,13,A
2047,18,A
1685,8,A
876,9,B
614,13,A
492,20,C
2263,18,A
1423,8,A
1452,8,A
1873,8,A
1228,18,A
1826,9,B
1845,19,B
2296,20,C
968,13,A
788,14,C
2367,13,A
1494,12,B
569,10,B
1495,18,A
149,22,B
2500,20,C
1319,30,A
636,24,B
78,8,A
1823,18,A
253,11,B
1226,20,C
1716,18,A
768,13,A
926,28,B
1236,8,A
2343,18,A
979,5,B
1862,13,A
1014,20,C
2488,8,A
469,22,B
2050,8,A
608,5,B
845,12,B
345,23,B
2467,8,A
2489,18,A
900,8,A
1180,12,B
2317,9,B
256,14,C
2193,8,A
2193,12,B
755,8,A
868,18,A
1153,8,A
975,13,A
1007,8,A
1393,16,B
1673,8,A
2425,14,C
1181,13,A
1139,22,B
920,18,A
2489,5,B
1167,20,C
2420,8,A
1639,4,B
669,13,A
1767,18,A
825,6,C
845,23,B
953,18,A
437,30,A
653,5,B
321,18,A
1045,18,A
1835,20,C
681,30,A
79,18,A
1804,8,A
949,13,A
2208,30,A
2489,20,C
2423,13,A
1929,8,A
1754,30,A
367,17,B
1458,13,A
2445,30,A
8,21,B
1181,8,A
776,14,C
2351,23,B
1772,8,A
425,11,B
2317,25,B
2228,11,B
1923,26,A
1325,18,A
370,18,A
1139,13,A
1256,19,B
1540,11,B
1942,18,A
725,9,B
1238,26,A
2021,8,A
1391,26,A
527,8,A
56,23,B
1057,9,B
1264,8,A
1056,17,B
1014,12,B
640,8,A
1722,8,A
2264,22,B
31,23,B
1568,18,A
581,13,A
364,26,A
1453,17,B
1459,21,B
1483,13,A
485,25,B
1961,26,A
1599,18,A
591,22,B
1557,11,B
823,13,A
1130,30,A
1802,13,A
2199,8,A
656,11,B
1131,11,B
265,12,B
1111,5,B
2344,13,A
825,21,B
2488,14,C
1459,17,B
1906,24,B
2131,14,C
909,30,A
2238,18,A
1914,18,A
1305,19,B
2185,27,C
464,4,B
2379,9,B
400,25,B
596,18,A
2318,30,A
1303,18,A
1917,23,B
1716,7,B
825,13,A
43,5,B
2007,5,B
2307,20,C
13,23,B
1476,13,A
85,30,A
1856,12,B
913,30,A
2380,8,A
906,7,B
955,13,A
2341,14,C
997,20,C
903,30,A
149,18,A
1933,30,A
2215,8,A
2482,26,A
1631,25,B
293,13,A
1944,25,B
889,16,B
663,18,A
642,30,A
1134,22,B
1807,22,B
630,18,A
1291,17,B
2406,8,A
1055,30,A
1091,11,B
1012,26,A
1279,24,B
2295,11,B
2107,13,A
1151,19,B
1493,8,A
707,17,B
1615,8,A
690,18,A
1367,12,B
1710,10,B
367,9,B
339,18,A
1264,26,A
1045,17,B
942,18,A
2058,8,A
1316,2,B
1912,8,A
1353,8,A
2019,18,A
2237,8,A
757,16,B
900,5,B
1228,16,B
85,13,A
2489,11,B
162,12,B
560,22,B
2385,5,B
1163,20,C
58,5,B
1282,11,B
1506,25,B
605,8,A
1672,8,A
1142,5,B
93,29,B
2156,13,A
304,30,A
1729,2,B
1804,18,A
1123,26,A
909,13,A
392,18,A
900,13,A
2446,8,A
1248,11,B
2478,13,A
936,23,B
1073,7,B
1119,18,A
1662,7,B
18,18,A
2341,13,A
480,26,A
413,20,C
1907,8,A
696,18,A
2318,13,A
771,18,A
817,9,B
342,25,B
263,12,B
321,9,B
1687,13,A
1963,29,B
771,22,B
1489,13,A
2361,5,B
997,6,C
19,13,A
558,13,A
614,8,A
2484,13,A
1021,29,B
132,13,A
125,20,C
1056,20,C
434,13,A
518,13,A
1473,8,A
2112,13,A
1763,10,B
1975,20,C
1622,2,B
2334,30,A
2053,18,A
1032,8,A
358,11,B
196,18,A
732,11,B
1349,25,B
1835,11,B
301,17,B
805,18,A
1138,18,A
1995,20,C
1995,7,B
2171,9,B
1434,16,B
2478,22,B
408,8,A
922,30,A
13,22,B
256,25,B
2148,18,A
1653,23,B
2240,30,A
1367,22,B
2167,13,A
1653,24,B
2317,30,A
1618,16,B
709,5,B
608,11,B
864,30,A
878,22,B
1834,13,A
1962,16,B
404,9,B
1581,17,B
377,8,A
784,26,A
2244,26,A
2142,13,A
1693,13,A
519,29,B
675,25,B
74,8,A
1430,23,B
464,20,C
510,17,B
350,18,A
134,13,A
888,18,A
2207,30,A
674,8,A
95,14,C
2284,23,B
187,30,A
1126,8,A
2207,18,A
1905,8,A
2451,12,B
605,10,B
714,30,A
1088,18,A
1374,13,A
1785,22,B
2036,10,B
409,17,B
2137,30,A
2284,17,B
413,18,A
1222,22,B
762,22,B
637,13,A
275,8,A
2366,7,B
2053,17,B
1174,8,A
1751,19,B
2076,30,A
606,16,B
2233,4,B
526,14,C
598,26,A
1555,12,B
1078,18,A
1651,18,A
1190,18,A
1831,29,B
1722,13,A
1686,8,A
545,8,A
2475,18,A
2205,30,A
1443,18,A
158,18,A
1944,13,A
2117,29,B
14,20,C
1919,17,B
2129,11,B
1852,26,A
1820,25,B
2097,18,A
2305,30,A
2185,26,A
1012,30,A
1917,30,A
1305,12,B
670,13,A
636,8,A
878,25,B
2146,30,A
1762,25,B
2451,30,A
1476,21,B
714,18,A
464,8,A
324,23,B
1798,13,A
2170,13,A
906,23,B
1676,18,A
641,14,C
1060,17,B
2479,23,B
671,13,A
276,13,A
1024,25,B
2066,8,A
1754,13,A
982,11,B
1203,13,A
1940,13,A
1352,13,A
365,7,B
856,6,C
2057,8,A
2226,21,B
1791,18,A
1613,12,B
1388,13,A
788,13,A
2065,19,B
754,8,A
1367,8,A
293,1,B
728,18,A
2182,8,A
1065,26,A
1548,30,A
998,10,B
2244,19,B
708,18,A
1379,20,C
69,14,C
1998,18,A
88,5,B
2421,10,B
1917,14,C
1979,13,A
1103,8,A
764,13,A
1047,8,A
935,30,A
1294,8,A
443,9,B
660,18,A
1483,18,A
911,13,A
993,8,A
853,13,A
1633,25,B
684,2,B
961,22,B
300,18,A
988,18,A
1430,6,C
1845,8,A
708,8,A
1974,13,A
208,26,A
2439,8,A
1175,8,A
997,7,B
1222,18,A
307,13,A
300,26,A
1017,8,A
1264,20,C
1947,8,A
1123,18,A
932,18,A
1104,9,B
2497,13,A
1869,20,C
993,29,B
1800,8,A
2200,8,A
1391,24,B
358,20,C
742,8,A
1883,11,B
493,18,A
558,22,B
2133,18,A
979,22,B
853,8,A
1916,2,B
800,11,B
88,13,A
1776,22,B
1906,14,C
464,25,B
2078,8,A
2280,13,A
1975,26,A
1406,13,A
491,18,A
2147,13,A
2385,4,B
1907,12,B
1762,14,C
2133,8,A
594,8,A
1248,5,B
1434,22,B
1536,11,B
2459,5,B
576,7,B
2233,14,C
1139,30,A
1475,19,B
679,23,B
1288,18,A
378,26,A
1166,13,A
220,18,A
464,14,C
877,18,A
2228,13,A
2056,20,C
2281,17,B
695,11,B
1930,18,A
1014,18,A
19,11,B
530,8,A
468,5,B
2273,8,A
289,7,B
749,8,A
576,30,A
1723,8,A
2013,9,B
2360,23,B
68,14,C
2395,8,A
1731,13,A
1379,19,B
1773,21,B
1330,30,A
2171,7,B
1774,13,A
230,25,B
392,8,A
149,24,B
1379,13,A
2223,30,A
1282,18,A
936,18,A
883,26,A
2020,22,B
2080,19,B
2079,8,A
1935,21,B
1175,13,A
1546,18,A
2114,8,A
1132,8,A
1178,30,A
1160,18,A
1693,8,A
1756,26,A
934,26,A
1971,13,A
1592,18,A
1069,12,B
1820,24,B
1190,13,A
702,13,A
685,18,A
2270,8,A
2170,22,B
1074,13,A
469,8,A
909,25,B
1599,14,C
1437,18,A
2017,16,B
1595,13,A
1391,18,A
2076,29,B
1261,18,A
712,18,A
536,1,B
198,20,C
95,18,A
1946,20,C
235,8,A
2139,12,B
1409,8,A
676,22,B
788,8,A
702,18,A
1696,11,B
371,23,B
830,18,A
1675,8,A
1070,6,C
1154,10,B
1145,14,C
1810,18,A
2336,2,B
1462,11,B
636,12,B
1693,18,A
2462,18,A
1178,5,B
1788,6,C
1579,18,A
93,17,B
714,10,B
568,13,A
1447,19,B
47,8,A
669,30,A
596,13,A
2095,8,A
2221,13,A
1430,7,B
993,18,A
1505,8,A
2407,18,A
1906,22,B
903,13,A
2115,14,C
495,13,A
281,30,A
928,30,A
1078,8,A
1764,8,A
1966,12,B
1279,20,C
157,6,C
712,25,B
1452,26,A
376,14,C
972,30,A
1778,5,B
725,13,A
830,9,B
1783,26,A
68,26,A
1029,12,B
198,19,B
1388,26,A
317,13,A
2346,8,A
1927,14,C
2051,18,A
510,18,A
332,11,B
1558,18,A
458,13,A
1157,13,A
383,21,B
2277,13,A
1653,14,C
836,7,B
2278,18,A
451,18,A
2078,5,B
1966,4,B
138,9,B
2012,18,A
58,12,B
2448,22,B
1074,22,B
2312,9,B
1206,14,C
1906,13,A
2452,30,A
1350,13,A
2168,30,A
115,20,C
1206,18,A
1566,16,B
184,7,B
1749,13,A
1314,22,B
1648,24,B
947,2,B
1835,18,A
1158,8,A
2341,7,B
2324,26,A
956,13,A
1617,18,A
1061,13,A
955,19,B
1696,21,B
1590,13,A
1627,18,A
165,8,A
1809,8,A
1754,25,B
1452,7,B
1845,13,A
1074,8,A
1751,12,B
2288,18,A
1460,18,A
367,8,A
1633,3,C
898,8,A
1579,30,A
2274,26,A
149,23,B
2481,13,A
1745,26,A
2424,13,A
748,17,B
997,9,B
878,5,B
2302,8,A
2112,10,B
1353,13,A
2088,30,A
2194,5,B
1627,24,B
1642,29,B
1029,20,C
856,22,B
125,18,A
1123,8,A
2194,18,A
1824,13,A
164,13,A
142,9,B
2226,19,B
1069,10,B
2139,14,C
2467,14,C
485,22,B
2110,11,B
420,18,A
680,13,A
2400,20,C
1020,8,A
2162,18,A
2483,18,A
2258,26,A
1527,8,A
2284,29,B
946,26,A
1598,18,A
131,19,B
1588,8,A
982,16,B
205,18,A
2318,11,B
1943,8,A
2233,12,B
1453,20,C
1004,7,B
896,8,A
1132,30,A
364,30,A
663,17,B
1936,13,A
1392,29,B
1769,13,A
706,9,B
458,9,B
2296,25,B
1922,18,A
534,18,A
2058,16,B
2183,8,A
239,18,A
243,9,B
1671,29,B
2051,30,A
52,13,A
85,16,B
543,18,A
2203,8,A
1930,8,A
742,25,B
1352,7,B
706,26,A
1356,18,A
68,22,B
1247,13,A
1316,12,B
888,8,A
2360,20,C
542,13,A
198,24,B
1607,26,A
956,18,A
800,14,C
1379,8,A
918,30,A
1924,20,C
1326,10,B
2209,9,B
2170,17,B
588,13,A
2427,30,A
674,13,A
1985,11,B
418,13,A
1318,18,A
1321,13,A
553,16,B
483,30,A
1029,9,B
2199,13,A
287,2,B
1642,30,A
1236,14,C
8,13,A
1966,22,B
1306,14,C
1227,25,B
2188,11,B
115,7,B
804,7,B
1247,29,B
2462,7,B
2225,13,A
1920,8,A
1456,13,A
1067,18,A
58,10,B
1070,16,B
1406,23,B
1256,29,B
2110,30,A
1182,8,A
1923,29,B
2421,13,A
533,8,A
27,18,A
1459,13,A
2343,13,A
2295,22,B
1707,18,A
25,8,A
1777,8,A
205,19,B
1996,18,A
2400,18,A
1925,13,A
816,24,B
2148,8,A
580,8,A
1272,13,A
464,18,A
1060,13,A
825,18,A
1053,8,A
6,18,A
1240,13,A
1071,8,A
1490,26,A
304,19,B
2193,16,B
74,13,A
1029,29,B
394,18,A
2341,24,B
1337,13,A
576,18,A
997,12,B
2078,26,A
1056,12,B
1633,17,B
1305,13,A
1722,17,B
2224,18,A
1382,26,A
143,12,B
1899,14,C
569,13,A
1633,16,B
1166,16,B
1681,13,A
157,8,A
2354,23,B
2244,8,A
2139,25,B
2317,20,C
1836,13,A
2085,18,A
2443,8,A
123,18,A
20,7,B
2284,25,B
1751,18,A
1917,13,A
684,11,B
907,26,A
1602,11,B
308,18,A
972,18,A
742,13,A
1167,5,B
46,22,B
222,18,A
1016,16,B
1055,26,A
600,21,B
712,8,A
2178,19,B
797,18,A
281,8,A
582,18,A
1190,5,B
771,13,A
1312,14,C
432,13,A
786,13,A
371,13,A
1064,8,A
1751,13,A
1364,18,A
671,8,A
256,20,C
1797,18,A
1306,18,A
334,23,B
52,12,B
1873,17,B
2156,18,A
2019,24,B
67,23,B
1157,8,A
2087,25,B
766,18,A
1299,23,B
591,17,B
144,13,A
1119,13,A
276,8,A
2092,18,A
1217,20,C
2318,20,C
291,14,C
971,17,B
1556,22,B
982,17,B
1890,18,A
889,18,A
306,14,C
2294,30,A
88,8,A
495,30,A
17,26,A
1854,13,A
329,4,B
287,30,A
1015,8,A
2407,13,A
95,13,A
2312,4,B
2367,7,B
1639,13,A
1591,8,A
1065,30,A
283,25,B
614,25,B
2080,5,B
578,23,B
289,18,A
1084,7,B
13,13,A
586,10,B
1326,20,C
1899,12,B
1211,7,B
1998,26,A
1997,13,A
1463,30,A
52,8,A
864,18,A
493,7,B
888,25,B
2307,18,A
371,18,A
196,25,B
680,8,A
1458,22,B
1055,4,B
1003,26,A
433,26,A
1412,18,A
2123,8,A
2298,18,A
2378,20,C
2055,18,A
1305,10,B
2371,26,A
470,18,A
287,13,A
249,18,A
2245,5,B
1796,17,B
2269,22,B
475,8,A
932,5,B
1216,20,C
2448,20,C
1781,13,A
1767,13,A
929,23,B
1489,23,B
1087,7,B
1692,8,A
2350,18,A
105,8,A
328,21,B
1527,10,B
1566,20,C
1291,22,B
2171,8,A
1238,28,B
2305,3,C
392,13,A
949,20,C
263,23,B
456,7,B
1675,9,B
1677,13,A
2367,19,B
290,20,C
2371,13,A
622,8,A
1899,10,B
1989,16,B
891,19,B
503,23,B
2266,8,A
973,25,B
731,18,A
883,8,A
1946,18,A
2318,25,B
1379,11,B
558,8,A
350,26,A
2367,23,B
2244,16,B
306,13,A
2231,13,A
1476,18,A
1761,18,A
2194,25,B
1031,18,A
1677,8,A
1018,13,A
93,7,B
1943,17,B
2374,12,B
1599,20,C
1015,18,A
52,30,A
2164,13,A
2371,30,A
433,13,A
1138,7,B
1742,8,A
1333,20,C
1266,9,B
676,12,B
1057,29,B
104,14,C
2068,18,A
515,13,A
1066,7,B
88,6,C
2324,9,B
2110,23,B
2345,30,A
1621,8,A
208,22,B
1849,18,A
1031,13,A
413,8,A
873,13,A
595,13,A
1226,8,A
760,18,A
8,8,A
2372,13,A
1922,21,B
1975,9,B
1350,30,A
2337,25,B
1042,8,A
263,18,A
1795,8,A
642,13,A
2432,7,B
2481,4,B
817,18,A
1752,19,B
367,13,A
409,9,B
2062,14,C
42,8,A
1566,17,B
745,13,A
434,8,A
1121,26,A
1172,26,A
2264,17,B
1366,26,A
2240,18,A
418,7,B
960,13,A
1997,16,B
2445,24,B
1,23,B
1505,22,B
675,13,A
2210,14,C
319,30,A
618,8,A
1747,13,A
1648,8,A
361,22,B
8,12,B
685,13,A
2186,18,A
710,25,B
2225,18,A
1895,7,B
745,23,B
548,22,B
941,13,A
1032,18,A
1187,19,B
2050,13,A
2115,25,B
755,23,B
1464,25,B
1703,17,B
2500,9,B
218,13,A
301,20,C
23,18,A
1857,11,B
2039,26,A
1226,18,A
1595,8,A
483,18,A
1840,18,A
702,8,A
27,29,B
71,13,A
949,8,A
960,18,A
2322,16,B
2215,26,A
2277,8,A
2047,10,B
932,30,A
2478,8,A
895,29,B
2448,26,A
1187,10,B
1613,26,A
2109,8,A
1134,13,A
1820,23,B
1924,14,C
1557,13,A
1091,18,A
1509,18,A
67,25,B
706,21,B
567,13,A
1653,12,B
1264,24,B
1186,7,B
1376,18,A
2065,18,A
389,25,B
1331,13,A
1954,30,A
2453,8,A
1955,22,B
1769,8,A
17,30,A
526,8,A
28,8,A
2334,26,A
1528,26,A
2128,13,A
2384,26,A
2345,13,A
2095,10,B
636,16,B
707,25,B
706,18,A
878,18,A
468,7,B
1586,18,A
732,4,B
817,8,A
1582,21,B
1420,26,A
909,12,B
2296,18,A
1546,17,B
1421,22,B
2406,18,A
928,13,A
467,7,B
1437,22,B
86,18,A
1509,13,A
2097,8,A
574,14,C
946,18,A
1729,30,A
1039,18,A
303,18,A
425,20,C
1858,18,A
2083,23,B
888,30,A
285,9,B
1720,22,B
1462,21,B
1378,30,A
1944,23,B
2447,18,A
754,13,A
2296,11,B
1007,18,A
766,6,C
351,8,A
345,8,A
109,18,A
1892,20,C
2341,30,A
1619,8,A
36,9,B
842,25,B
2270,17,B
1529,8,A
856,18,A
1125,18,A
1128,11,B
40,16,B
479,13,A
2205,13,A
2372,25,B
1167,11,B
2342,18,A
77,18,A
93,1,B
888,14,C
600,18,A
2489,30,A
143,22,B
2019,25,B
1040,9,B
1578,18,A
2295,13,A
31,24,B
1128,13,A
1577,13,A
909,21,B
932,1,B
2331,8,A
2266,24,B
1378,17,B
1618,18,A
1850,23,B
1314,11,B
942,12,B
915,18,A
2378,18,A
258,13,A
1222,30,A
825,25,B
1569,26,A
2088,24,B
1018,8,A
1378,8,A
2069,8,A
2237,13,A
2373,18,A
1431,8,A
574,5,B
1620,22,B
953,30,A
1146,10,B
542,18,A
396,4,B
2445,18,A
2233,5,B
984,18,A
1081,8,A
1392,8,A
1900,18,A
663,13,A
479,8,A
536,13,A
1418,19,B
1336,13,A
2295,14,C
281,26,A
612,12,B
2185,18,A
1299,2,B
495,14,C
2226,17,B
2050,30,A
258,30,A
2209,18,A
198,22,B
1306,13,A
369,20,C
195,8,A
97,13,A
2430,13,A
1452,30,A
989,2,B
2024,8,A
2226,8,A
439,29,B
2234,13,A
1834,5,B
480,30,A
1445,16,B
1122,13,A
1703,18,A
2156,23,B
1222,11,B
1097,19,B
849,18,A
2148,26,A
1955,30,A
2225,9,B
7,9,B
1142,14,C
1720,25,B
1588,10,B
482,18,A
1633,28,B
1066,22,B
1299,26,A
2377,30,A
804,8,A
1056,14,C
219,23,B
155,13,A
1710,21,B
132,8,A
2041,13,A
27,17,B
37,18,A
2448,8,A
2250,18,A
19,14,C
443,8,A
1529,16,B
1995,17,B
1301,9,B
761,11,B
2012,13,A
526,29,B
804,13,A
353,8,A
707,14,C
223,8,A
1677,20,C
282,18,A
392,21,B
2245,18,A
1633,23,B
755,26,A
1056,18,A
2374,18,A
1861,7,B
161,13,A
2498,8,A
1491,13,A
2092,8,A
946,17,B
1024,8,A
1364,26,A
2235,13,A
1752,8,A
1050,8,A
256,7,B
2110,9,B
1529,13,A
1630,18,A
2042,20,C
49,18,A
1034,8,A
2254,18,A
29,7,B
1473,23,B
1754,18,A
88,17,B
2282,29,B
1765,20,C
198,18,A
2489,6,C
2215,30,A
1462,13,A
470,2,B
351,18,A
2057,13,A
1229,12,B
329,8,A
844,18,A
856,8,A
2012,19,B
1405,26,A
2179,8,A
2317,27,C
503,13,A
2254,16,B
2448,28,B
886,2,B
762,18,A
1534,13,A
1453,8,A
732,29,B
1383,18,A
32,26,A
1965,8,A
464,13,A
1548,8,A
52,4,B
324,13,A
276,22,B
1421,18,A
1216,23,B
510,9,B
1245,26,A
1807,7,B
572,30,A
1029,5,B
2204,13,A
1779,26,A
700,30,A
108,10,B
1542,13,A
2426,8,A
2024,18,A
916,9,B
1529,14,C
1345,30,A
1545,20,C
524,5,B
1062,13,A
1556,18,A
2269,18,A
1353,25,B
251,18,A
1515,20,C
1145,13,A
2085,10,B
1732,8,A
871,9,B
2087,12,B
926,13,A
805,13,A
2053,13,A
72,18,A
1412,13,A
805,8,A
871,18,A
149,30,A
845,13,A
1710,8,A
411,10,B
766,17,B
1617,13,A
1064,18,A
1985,5,B
1047,13,A
393,13,A
1630,8,A
1127,18,A
876,14,C
409,13,A
2314,22,B
1,20,C
445,7,B
1705,30,A
714,13,A
2020,18,A
998,13,A
1622,26,A
2330,14,C
755,30,A
1489,8,A
1376,23,B
1248,10,B
1836,7,B
2294,5,B
2037,13,A
2302,13,A
2042,8,A
463,10,B
862,13,A
1234,29,B
365,8,A
1764,5,B
623,13,A
1557,8,A
1823,14,C
2424,7,B
1463,13,A
193,13,A
637,7,B
2262,29,B
1263,16,B
2390,8,A
1131,13,A
943,13,A
1394,18,A
305,13,A
1418,18,A
632,13,A
408,13,A
2188,5,B
973,6,C
78,18,A
1648,17,B
1508,13,A
2421,8,A
2341,22,B
998,14,C
931,8,A
1929,14,C
926,26,A
1599,8,A
2086,13,A
595,11,B
354,18,A
297,8,A
2082,22,B
2156,12,B
731,8,A
27,26,A
2312,11,B
1776,7,B
1609,13,A
2443,26,A
1333,19,B
1073,18,A
598,9,B
242,8,A
1914,13,A
574,25,B
301,18,A
354,19,B
426,13,A
2027,13,A
934,18,A
367,20,C
1705,18,A
2386,20,C
2111,13,A
1790,9,B
909,8,A
408,12,B
1216,8,A
1677,30,A
2034,8,A
2139,16,B
2500,17,B
2305,13,A
414,8,A
1776,13,A
2200,26,A
1229,14,C
1053,18,A
1337,20,C
636,5,B
1590,26,A
1806,30,A
1094,8,A
67,9,B
1462,8,A
115,13,A
2112,22,B
134,8,A
1154,18,A
1806,8,A
1835,16,B
13,18,A
1032,7,B
622,13,A
1975,13,A
641,30,A
2406,30,A
386,25,B
2371,18,A
2008,18,A
510,6,C
2071,13,A
2030,22,B
161,23,B
412,13,A
1820,13,A
118,13,A
1634,8,A
420,30,A
1852,8,A
2438,18,A
1057,13,A
1060,23,B
1453,25,B
2237,12,B
1930,22,B
2488,18,A
957,8,A
1764,14,C
2299,14,C
389,17,B
2226,10,B
679,18,A
536,8,A
1693,16,B
88,22,B
1005,18,A
1007,24,B
1602,13,A
1481,20,C
1515,14,C
1073,20,C
884,24,B
1397,9,B
988,13,A
877,9,B
468,8,A
2300,18,A
68,12,B
718,22,B
1041,13,A
2452,8,A
709,14,C
1788,21,B
695,8,A
19,17,B
2344,8,A
46,13,A
1074,25,B
300,11,B
73,13,A
1835,7,B
1511,13,A
1069,5,B
743,8,A
1705,11,B
2019,20,C
979,16,B
883,9,B
1476,7,B
881,17,B
1166,17,B
183,26,A
699,8,A
1058,8,A
578,30,A
949,17,B
859,13,A
2371,8,A
916,18,A
2019,16,B
2141,23,B
1947,20,C
330,18,A
105,1,B
931,20,C
1032,19,B
699,22,B
712,14,C
2364,20,C
1590,9,B
1901,18,A
998,16,B
1954,13,A
1001,30,A
1534,8,A
492,13,A
762,29,B
2343,8,A
1206,25,B
2070,23,B
1116,13,A
294,28,B
1873,26,A
1134,5,B
1662,12,B
1188,8,A
1032,9,B
1848,21,B
2437,18,A
2185,5,B
2145,7,B
1590,12,B
1837,23,B
608,10,B
1425,9,B
164,18,A
788,19,B
1405,10,B
2138,13,A
117,18,A
2261,13,A
46,11,B
1227,19,B
2264,8,A
591,20,C
744,25,B
2281,18,A
738,8,A
1835,30,A
859,22,B
888,11,B
710,22,B
303,8,A
1229,26,A
807,8,A
766,14,C
1228,22,B
458,18,A
1732,18,A
1364,16,B
1899,5,B
472,12,B
1678,5,B
1126,7,B
434,5,B
2112,5,B
2115,11,B
1018,18,A
1544,26,A
972,22,B
2004,23,B
1349,18,A
844,8,A
674,22,B
2343,4,B
1640,18,A
2360,14,C
1078,11,B
1029,22,B
548,13,A
1582,8,A
2432,14,C
64,18,A
1385,13,A
2075,19,B
2261,12,B
456,30,A
979,13,A
1804,12,B
32,29,B
1640,8,A
43,19,B
1018,30,A
1098,18,A
2017,13,A
1585,13,A
2141,22,B
409,8,A
961,13,A
2462,9,B
2260,18,A
2142,8,A
883,7,B
1662,18,A
797,13,A
1383,8,A
740,22,B
1069,13,A
2274,18,A
2236,11,B
1402,13,A
503,8,A
2488,22,B
1012,13,A
2318,22,B
271,13,A
1852,13,A
1091,16,B
210,20,C
384,18,A
808,8,A
1011,9,B
2261,22,B
1336,30,A
2236,22,B
1492,13,A
622,18,A
656,17,B
553,11,B
2006,30,A
1111,7,B
1091,8,A
208,29,B
2445,5,B
718,16,B
72,20,C
1197,13,A
582,8,A
144,18,A
32,30,A
1363,18,A
125,14,C
889,30,A
1490,13,A
2056,18,A
1778,13,A
543,15,C
1321,11,B
1749,8,A
2324,13,A
1029,13,A
2109,18,A
1587,13,A
1814,24,B
46,18,A
73,18,A
43,18,A
2233,18,A
192,26,A
586,5,B
1762,11,B
1376,20,C
2294,18,A
1476,26,A
335,8,A
2351,18,A
22,13,A
1955,10,B
371,17,B
1534,29,B
1193,13,A
601,23,B
836,8,A
1191,18,A
1824,8,A
1104,8,A
1763,8,A
46,23,B
2280,10,B
93,14,C
1197,30,A
2037,8,A
2492,26,A
2376,18,A
573,13,A
1337,18,A
2416,13,A
2088,26,A
2341,10,B
1954,19,B
1501,23,B
2456,18,A
989,8,A
1111,14,C
2017,14,C
2260,22,B
2410,5,B
834,26,A
2082,13,A
675,8,A
2296,7,B
715,13,A
1653,22,B
1598,20,C
2264,11,B
2167,11,B
2484,20,C
1865,26,A
1347,18,A
1485,26,A
2203,13,A
718,23,B
304,25,B
48,18,A
2359,13,A
353,13,A
703,13,A
653,13,A
13,4,B
2178,8,A
2,18,A
1964,18,A
709,13,A
1899,8,A
670,24,B
600,14,C
548,16,B
560,20,C
1145,11,B
2370,18,A
2303,8,A
679,22,B
2051,8,A
371,16,B
2319,13,A
2079,10,B
660,14,C
1222,8,A
1820,18,A
1955,23,B
641,7,B
2395,14,C
1939,24,B
2186,30,A
855,13,A
1158,22,B
641,25,B
864,8,A
354,11,B
1536,13,A
1216,12,B
1269,8,A
358,13,A
2193,25,B
2328,30,A
1326,14,C
1197,26,A
239,22,B
391,18,A
755,29,B
2331,13,A
842,20,C
3,14,C
2263,30,A
2427,26,A
490,13,A
389,9,B
134,18,A
42,18,A
2199,23,B
2076,5,B
604,30,A
1,18,A
110,18,A
2200,22,B
2305,7,B
732,9,B
36,17,B
386,17,B
973,14,C
1428,20,C
1837,9,B
1180,13,A
1130,13,A
1431,13,A
2486,22,B
674,26,A
1872,8,A
845,8,A
1234,14,C
748,19,B
437,12,B
715,8,A
1460,26,A
118,5,B
1892,22,B
1985,30,A
2199,9,B
2024,6,C
492,5,B
1113,8,A
1584,26,A
1297,7,B
1029,16,B
1936,22,B
1182,26,A
288,29,B
25,30,A
640,18,A
1084,18,A
582,13,A
2084,13,A
653,14,C
1613,30,A
895,22,B
543,13,A
1742,13,A
1675,30,A
450,18,A
1041,8,A
2116,28,B
2420,13,A
1419,20,C
1662,24,B
2168,22,B
1640,13,A
2451,22,B
2496,8,A
2448,24,B
1818,26,A
1675,26,A
1082,13,A
49,24,B
2226,5,B
1687,18,A
1317,30,A
690,7,B
1551,26,A
2367,10,B
1753,8,A
2301,17,B
670,21,B
578,18,A
2124,30,A
1017,13,A
541,14,C
553,7,B
492,6,C
650,8,A
907,30,A
647,16,B
196,22,B
367,18,A
1860,18,A
51,18,A
1234,20,C
2380,11,B
193,30,A
2475,13,A
321,4,B
800,13,A
1720,8,A
2188,13,A
2457,30,A
1995,8,A
2370,8,A
58,8,A
1900,13,A
1453,13,A
895,5,B
493,13,A
2270,14,C
944,18,A
1,8,A
1264,13,A
1056,8,A
1317,13,A
40,21,B
1069,8,A
1285,18,A
1536,22,B
1130,26,A
1515,18,A
1541,18,A
278,30,A
1752,7,B
1468,21,B
1163,30,A
1778,18,A
1154,8,A
1744,19,B
2148,13,A
88,11,B
1917,18,A
1859,29,B
1685,13,A
1753,19,B
934,24,B
2260,8,A
256,8,A
2208,20,C
1370,9,B
699,18,A
1849,8,A
2426,18,A
808,18,A
393,18,A
1237,18,A
117,17,B
2149,8,A
1446,13,A
380,20,C
1229,5,B
1041,11,B
1869,16,B
1142,16,B
38,29,B
192,25,B
115,8,A
2488,7,B
2447,8,A
653,10,B
51,8,A
2499,18,A
418,16,B
1901,23,B
909,20,C
871,12,B
1353,2,B
918,18,A
1397,17,B
1517,13,A
1922,13,A
367,30,A
1976,18,A
1094,14,C
430,29,B
350,30,A
2331,7,B
2466,18,A
1266,13,A
361,4,B
214,29,B
1393,8,A
1085,25,B
574,10,B
1778,6,C
208,18,A
1981,8,A
855,15,C
1653,13,A
1357,13,A
1476,30,A
2170,11,B
8,18,A
156,13,A
116,29,B
710,13,A
1379,5,B
236,26,A
1917,25,B
25,18,A
1540,20,C
1534,23,B
2411,13,A
361,28,B
1039,13,A
1203,11,B
425,13,A
1726,21,B
1899,20,C
1394,9,B
368,26,A
68,8,A
2224,12,B
660,11,B
1591,23,B
1694,13,A
2185,13,A
1390,12,B
2208,18,A
2224,30,A
1966,13,A
800,19,B
1128,30,A
293,19,B
2036,12,B
940,18,A
72,25,B
1527,24,B
1186,13,A
133,13,A
1861,30,A
381,14,C
1807,12,B
891,18,A
1279,7,B
217,8,A
1845,14,C
1485,13,A
788,22,B
291,11,B
8,4,B
2190,22,B
2129,4,B
1662,8,A
1659,24,B
276,14,C
1873,19,B
460,4,B
196,8,A
2083,7,B
1420,11,B
978,18,A
257,26,A
1041,19,B
676,8,A
414,13,A
1924,25,B
2020,20,C
1995,29,B
1301,29,B
2240,20,C
1865,8,A
1172,18,A
1976,13,A
647,12,B
116,8,A
2240,10,B
1630,13,A
1139,18,A
676,14,C
918,26,A
2185,8,A
2358,13,A
86,8,A
1588,18,A
351,10,B
1527,14,C
1299,8,A
1078,22,B
1892,11,B
695,18,A
1337,17,B
2076,10,B
2467,20,C
1783,18,A
304,18,A
1936,26,A
703,11,B
845,20,C
20,22,B
2002,30,A
1935,8,A
49,7,B
631,13,A
768,12,B
2500,13,A
2080,13,A
631,30,A
321,13,A
2184,16,B
987,26,A
2020,16,B
2170,5,B
609,18,A
1134,7,B
1510,12,B
1527,18,A
1437,8,A
1224,18,A
1425,18,A
1852,11,B
1972,13,A
1260,13,A
22,30,A
1040,18,A
1764,25,B
2007,10,B
1586,13,A
437,8,A
80,19,B
434,20,C
788,30,A
2004,22,B
934,6,C
1511,8,A
1015,6,C
2004,24,B
2498,16,B
1270,5,B
859,24,B
761,13,A
586,18,A
230,13,A
389,13,A
2421,18,A
1747,30,A
345,18,A
2095,26,A
2334,24,B
549,18,A
987,8,A
1752,18,A
2015,13,A
661,16,B
441,13,A
1834,18,A
1815,24,B
1081,22,B
1053,9,B
1745,2,B
467,8,A
936,26,A
1676,13,A
2124,19,B
380,14,C
560,18,A
1146,8,A
1326,23,B
1764,20,C
2162,13,A
2208,11,B
1058,13,A
1000,13,A
2017,20,C
2498,17,B
1337,8,A
210,30,A
1578,13,A
2293,19,B
1418,13,A
586,13,A
842,18,A
511,20,C
1752,22,B
1488,16,B
804,18,A
29,12,B
2190,16,B
692,18,A
1535,17,B
361,18,A
468,10,B
2115,17,B
2245,13,A
1975,14,C
517,18,A
136,18,A
2278,8,A
1085,24,B
1420,18,A
1905,9,B
265,13,A
1943,30,A
2030,8,A
2284,13,A
1137,13,A
14,13,A
560,30,A
374,26,A
1097,8,A
957,17,B
588,8,A
1586,8,A
925,8,A
445,16,B
1087,13,A
1461,7,B
1247,6,C
1797,20,C
849,13,A
1971,8,A
546,18,A
1965,5,B
258,8,A
2489,8,A
1085,8,A
459,8,A
1257,23,B
600,25,B
895,30,A
13,20,C
1157,18,A
2134,15,C
2162,6,C
1111,10,B
26,13,A
2012,5,B
243,18,A
2200,12,B
2412,8,A
361,8,A
134,30,A
1098,30,A
2351,12,B
1833,8,A
1762,18,A
2263,26,A
634,13,A
1918,13,A
598,18,A
2088,20,C
983,18,A
1388,16,B
2236,18,A
88,25,B
526,7,B
2438,8,A
745,9,B
553,20,C
2318,8,A
596,11,B
566,13,A
2337,14,C
1510,18,A
941,8,A
706,24,B
2188,8,A
1317,8,A
807,13,A
693,16,B
2366,13,A
1081,7,B
1117,16,B
1336,22,B
1777,22,B
1528,22,B
647,20,C
1375,13,A
1139,5,B
1864,12,B
2336,8,A
1074,18,A
1548,13,A
2395,5,B
2488,9,B
2233,23,B
1501,18,A
871,7,B
1057,8,A
294,30,A
1802,5,B
209,12,B
2100,18,A
1282,13,A
1073,9,B
911,18,A
1845,18,A
2391,26,A
1784,18,A
503,18,A
2412,14,C
2121,13,A
1353,22,B
2076,16,B
2466,8,A
220,9,B
1535,25,B
99,8,A
127,18,A
2317,10,B
1430,9,B
694,8,A
540,8,A
390,13,A
183,13,A
377,22,B
333,8,A
383,8,A
1306,5,B
2226,18,A
1821,19,B
2238,13,A
1824,22,B
1677,17,B
2317,18,A
1584,30,A
2351,8,A
1014,25,B
1828,30,A
1675,18,A
1166,4,B
744,22,B
1305,8,A
954,26,A
1568,4,B
778,26,A
1944,11,B
1694,22,B
601,29,B
256,17,B
1142,18,A
1186,9,B
960,8,A
1617,8,A
1947,17,B
58,4,B
1046,24,B
1070,13,A
924,30,A
2393,18,A
2356,30,A
1580,16,B
1710,19,B
1451,18,A
997,8,A
1445,12,B
1752,13,A
609,13,A
840,11,B
2462,13,A
726,20,C
699,25,B
1459,8,A
2009,26,A
1788,8,A
2007,20,C
1321,8,A
2425,8,A
2437,13,A
1045,13,A
2427,14,C
2107,29,B
1941,18,A
1620,8,A
859,18,A
1453,6,C
230,18,A
979,23,B
1613,2,B
885,18,A
1947,13,A
464,16,B
891,8,A
294,29,B
568,17,B
1179,9,B
696,13,A
1137,12,B
1233,26,A
961,17,B
738,7,B
2167,8,A
761,22,B
2270,18,A
2497,18,A
371,24,B
1453,18,A
392,25,B
1163,18,A
246,18,A
2133,5,B
517,8,A
1434,18,A
462,13,A
1808,13,A
2496,14,C
656,13,A
2205,8,A
1179,8,A
74,7,B
2095,22,B
634,8,A
421,16,B
2168,18,A
1585,16,B
1178,26,A
728,13,A
1598,23,B
642,18,A
1835,26,A
622,29,B
568,30,A
1333,21,B
2019,13,A
1363,24,B
1374,8,A
806,13,A
1735,18,A
583,5,B
1723,13,A
1014,13,A
1437,17,B
2095,20,C
1829,18,A
19,8,A
2203,26,A
982,18,A
1160,20,C
1390,8,A
2459,19,B
1445,23,B
2032,8,A
996,2,B
2134,16,B
2301,8,A
2207,11,B
941,9,B
1046,18,A
1041,18,A
1997,22,B
1929,26,A
1142,13,A
1337,11,B
2178,5,B
232,24,B
795,30,A
490,18,A
473,18,A
989,10,B
1549,26,A
840,18,A
165,26,A
931,17,B
1331,18,A
1821,6,C
523,13,A
2351,13,A
1662,21,B
1438,9,B
1687,6,C
1463,8,A
2068,13,A
1556,8,A
1024,20,C
2200,27,C
1753,13,A
1774,18,A
1448,18,A
1166,7,B
2305,12,B
165,18,A
1064,9,B
889,6,C
712,20,C
374,14,C
1087,5,B
1389,13,A
