Day,Coupon_Code,Campaign_ID,Household_ID
516,53010030033,13,2366
598,54200029176,18,2451
595,53800050033,18,1453
528,54100027032,13,1764
515,10000085429,13,2004
507,10000085429,13,920
544,10000089092,13,1985
415,10000089018,8,2380
599,10000085475,18,18
599,10000089272,18,2364
641,54850010033,22,2478
431,10000089051,8,1098
512,10000085425,13,1074
529,57265526076,13,825
674,57797520075,25,2427
610,10000085478,18,1303
416,10000085364,8,1098
416,10000085367,8,2341
520,53620010050,13,2305
617,10000089290,18,687
512,52500060033,11,13
433,10000085363,8,1963
415,53600000078,8,2489
407,50813700076,5,115
599,51800015050,18,2004
681,53000000036,23,67
601,54060060076,18,2130
442,10000085361,8,389
509,54800111033,13,703
451,52840031033,8,2421
505,54650050060,13,2123
596,53120026033,18,1854
522,50800490076,13,982
615,51780034082,18,1989
610,53010010033,18,1419
600,10000085475,18,889
539,55000013050,13,1228
516,54100027032,13,888
244,51700310076,26,1726
591,55410000076,18,105
508,52740022050,13,2407
415,51862700076,8,1693
508,58978500076,13,1944
521,10000085426,13,2351
616,57631000076,18,1074
427,10000085364,8,1726
348,10000085320,30,588
392,53700048182,5,889
598,53120026033,18,2112
675,51200000009,25,1630
606,55000013950,18,1648
626,51600070033,18,345
250,57218020076,26,889
424,10000085366,8,1937
535,55150026055,13,605
684,58768484040,25,1534
407,57007440087,5,115
533,10000085427,13,725
442,54610020076,8,2322
591,54589399250,14,588
521,10000085425,13,492
609,52000030042,18,389
505,10000085425,13,2489
597,51920021576,18,208
591,51960010076,18,105
540,10000089128,13,14
361,51111074175,2,239
415,53010010033,8,2380
683,57797520075,25,574
459,53800050033,8,877
634,53800050033,18,164
670,10000085495,24,1823
428,53760084282,8,115
515,10000089082,13,2019
591,53620064076,17,156
604,54900050076,18,1228
509,53800050033,13,93
462,53800050033,9,1591
685,53400022076,25,788
603,10000089288,18,2158
551,52100040050,13,2199
332,51111037250,30,239
565,53500000076,16,1687
576,10000089194,17,88
639,54450000076,22,761
505,10000085426,13,2217
593,10000089285,18,574
440,52370020076,8,1146
527,53663250076,13,716
516,10000085425,13,2200
627,54900050076,18,1511
453,57127900036,8,2451
590,10000089251,18,2123
408,53700048182,5,979
682,51200000076,23,2004
536,10000089076,13,2100
515,56414410013,13,2489
608,10000085478,18,1823
517,10000089124,13,1423
641,51111120001,18,936
536,10000085425,13,2100
528,56414410013,13,954
506,54900065036,13,979
446,10000085364,8,1475
610,55100000013,18,2496
512,51600070033,13,934
558,54800140060,14,2489
606,54300026050,18,1831
338,10000085320,30,367
589,10000085475,18,2282
442,57047092032,8,2322
231,54369530042,26,334
625,10000085479,18,2019
424,10000085364,8,2448
344,53600011082,30,2240
624,54100027032,20,1529
433,10000085363,8,1591
516,54200000076,13,472
662,51380040009,23,1453
628,52000030042,18,40
572,53600030082,16,1393
632,51800000050,22,67
428,52840000075,8,1453
545,57631000076,13,2488
634,53700048182,19,574
439,51266950076,8,214
621,54154888076,18,1823
610,57124960082,18,378
670,54850010033,23,889
593,53700067076,18,1630
479,10000089073,12,2451
415,10000085364,8,397
260,54134500033,26,1726
431,10000085363,8,1593
621,52000030042,18,1146
608,52100023024,18,2124
592,10000085479,18,2004
505,10000085429,13,351
438,53800050033,8,367
642,51312010033,22,13
606,52113100033,18,518
588,10000085475,18,1453
515,54300020076,13,1937
524,52740022050,13,2085
636,52800031032,22,13
545,57047091041,13,334
551,10000085432,13,1990
639,52100023024,18,2370
529,53010030033,13,2375
506,10000085426,13,979
600,10000089278,18,2400
510,10000085426,13,2305
418,10000085364,8,877
429,52100041050,8,2004
538,51116221076,13,426
417,10000089023,8,243
241,52100026076,26,988
516,57033030076,13,472
344,54850011076,30,2233
228,50930030075,26,248
420,53600000078,8,1066
515,54154888076,13,1778
533,53620010050,13,725
602,10000085479,18,931
506,57255400076,13,982
602,10000089195,17,931
542,53620010028,14,88
259,57127920076,26,324
655,55100000033,23,1937
629,53600010087,19,2240
582,53620064076,17,389
602,54280011660,17,931
430,10000085369,8,2200
609,10000085476,18,1717
451,10000085363,8,2421
430,54610020076,8,2462
607,10000085479,18,2342
567,57418211676,16,771
430,10000085364,8,2462
597,10000085477,18,164
665,57192110076,25,761
468,10000085370,10,574
613,54420930024,18,983
617,54589399255,20,709
527,51113240013,13,947
572,53700048076,16,889
530,10000089084,13,889
610,50581447025,18,545
420,53600000078,8,931
641,10000085477,18,2478
435,10000089044,8,1944
298,53000012033,29,1923
522,50813790076,13,1197
620,54200029176,18,492
420,10000085363,8,931
439,54154888076,8,630
515,10000085429,13,18
665,52840000082,23,67
448,57047092032,8,2489
623,10000085475,18,2234
603,57631000076,18,1146
516,54300020076,13,1995
516,53620010050,13,2366
507,10000089128,13,1005
605,10000085475,18,2421
599,51570011042,18,2305
683,57192110076,25,400
515,55000013050,13,18
424,10000089032,8,2430
567,57418211676,16,2400
590,53700048076,16,979
525,57047091041,13,949
514,10000089106,13,588
510,54154888076,13,2233
590,10000089259,18,2123
257,51111070150,26,788
531,10000085427,13,2085
413,55100012140,8,1083
610,10000085478,18,378
425,10000089015,8,1759
536,10000089106,13,2100
510,10000085429,13,397
660,54900050082,25,367
448,54154889078,8,1451
670,53000000036,23,1823
597,10000085477,18,1566
550,57050100078,13,867
600,52840001082,18,2400
262,54369530042,26,294
368,52400060032,30,2457
346,57756765875,30,1238
628,54450000076,22,22
435,10000085369,8,1990
513,10000085425,13,895
506,50800490076,13,464
435,10000085364,8,1944
528,53010030033,13,788
597,55000013933,18,1566
592,54133500050,18,2496
523,51113240013,13,490
507,52100040050,13,650
439,52100041050,8,1475
637,51600030101,18,1166
655,54850010033,23,979
619,10000085479,18,805
376,54300026150,4,22
621,51906341075,18,1146
466,52100000033,9,1429
596,53120026033,18,2380
592,57418211676,16,256
600,10000089240,18,546
639,54850010033,18,67
434,57045970076,8,1694
463,52100061076,9,1923
489,10000089073,12,2421
599,10000085475,18,1197
614,10000085475,18,1990
444,10000085363,8,1463
517,55410000076,13,2351
442,52898920076,8,1963
625,10000085477,18,1995
465,54850011033,9,1947
617,10000085475,18,426
415,53800050033,8,2380
596,51200092776,18,2199
241,51111076669,26,988
466,53600000082,10,2240
609,54850010033,18,1935
431,10000085364,8,1113
417,10000085364,8,1633
436,10000089046,8,588
453,54440020034,8,2448
545,53010030033,13,2488
378,53450050033,4,2443
593,10000085477,18,1899
533,51254711082,13,40
539,10000089093,13,389
493,10000089073,12,2042
603,10000089237,18,1146
542,51600070033,13,2451
440,54154888076,8,2451
509,10000089133,13,1965
606,53700013182,18,1130
419,10000085363,8,46
593,53120026033,18,1823
631,10000085479,18,793
590,54300026050,18,2100
469,10000085370,10,605
639,54400021032,22,761
236,57294010013,26,1975
655,52840000082,23,979
621,57680000050,18,1197
603,52500010050,18,1591
533,51981012076,13,256
621,51570011042,18,139
415,10000085364,8,573
543,10000089077,13,99
596,10000089246,18,2380
442,54450031033,8,2448
518,56414410013,13,115
505,57255400076,13,2123
590,55100055075,17,196
453,10000085363,8,1936
544,52740022050,13,1823
440,10000085363,8,1029
359,51111111175,3,2305
512,10000085429,13,2007
637,55480017133,18,2199
428,53700020076,8,18
593,55410000076,18,1957
591,10000085475,18,58
651,54060060033,23,1333
642,10000089277,18,2317
673,51200000009,25,367
625,53700048182,19,2124
513,57047091041,13,2451
494,53600000082,10,718
339,52100000076,30,588
370,53620010028,3,2427
443,52100041050,8,2042
415,10000089038,8,222
602,55000013950,18,79
415,10000085364,8,354
646,54450000076,22,2260
229,51111070424,26,2062
688,58768484040,25,2240
323,57103800077,30,2280
507,10000085426,13,256
625,53400061150,18,2124
541,10000089125,13,696
438,55000013033,8,1541
600,51906341075,18,1412
428,51981012076,8,1648
656,53620010028,20,1869
602,54440020076,17,931
647,54100027032,20,115
612,53600010087,19,80
488,54470031076,12,1899
427,10000085363,8,2041
633,54060060076,18,99
651,10000085493,23,1333
600,52000030042,18,889
229,54450052251,26,2062
511,53010030033,13,679
415,52700040009,8,2489
437,10000085361,8,276
508,10000089106,13,702
513,57105210033,13,979
438,57800000033,8,367
535,54100024950,13,139
245,51600070033,26,1393
596,10000089237,18,1421
522,53800050033,13,1937
688,54900050082,25,2240
368,57790000075,30,2244
616,57050100082,18,1651
529,54178802078,13,825
522,56414410013,13,1197
591,10000089237,18,2375
512,51700010076,13,2280
588,51258700050,18,1453
678,54060060033,23,1453
449,53663200076,8,2500
600,54300026050,18,2314
529,54154889076,13,2375
446,10000085366,8,1642
414,10000089053,8,306
424,10000085363,8,2496
506,10000085429,13,1907
384,54420933024,4,2451
505,10000089108,13,2380
522,10000085425,13,1677
691,52900020076,25,574
598,10000085475,18,139
607,10000085477,18,490
633,52800031032,22,2200
522,52740022050,13,1197
545,52840011033,13,378
549,57320210076,13,294
591,53620010028,14,588
578,57124921076,16,2488
443,53700067076,8,1630
520,54369530009,13,979
545,10000085428,13,1990
540,55000035282,13,2134
443,10000085364,8,2042
264,54200060033,26,889
509,54154888076,13,1917
544,10000085426,13,1791
609,53600010087,19,2240
508,10000085426,13,712
545,55703711082,13,2488
624,52200090076,18,2488
513,53700040075,13,1509
662,57027211076,23,1453
523,53800050033,13,1788
510,10000085432,13,1011
635,54060060076,18,755
449,52840031033,8,581
541,10000085428,13,2124
656,54400000032,23,1591
344,54154888076,30,367
591,54133500050,18,58
549,10000085426,13,1590
676,51200000009,25,574
684,51111120078,20,2448
663,54900050082,25,1633
532,57047091041,13,2380
505,10000085432,13,2427
332,54154888076,30,883
615,57143020076,18,1989
494,53600000082,10,13
594,53760073676,18,1591
592,54060060076,18,692
591,52500010050,18,105
637,52500010050,18,2199
447,52370020076,8,13
533,57265526076,13,282
592,10000085484,18,22
395,53700048182,5,1710
357,52100026076,30,2489
284,50000540076,29,2117
605,53120026033,18,1778
562,53500000076,16,113
506,10000085425,13,979
445,57045970076,8,1175
684,53000000036,23,1534
519,54154889076,13,764
597,54300026050,18,117
329,51380041013,29,93
535,10000089134,13,367
595,51960010076,18,1483
537,10000089078,13,825
536,51600050042,13,294
516,53620010050,13,888
507,10000085425,13,805
639,54850010033,22,67
517,10000089081,13,2351
234,54300010033,26,1238
510,54300020076,13,397
508,52840042034,13,1944
567,55310000076,16,2400
400,53600010082,5,115
592,10000085475,18,2168
543,52740022050,13,13
615,10000085479,18,2374
522,53010030033,13,2467
431,54154888076,8,2322
591,10000085479,18,105
608,51500050033,19,115
651,53620010028,20,1166
610,10000089271,18,805
531,10000085429,13,318
533,51111113178,13,256
591,10000089195,17,58
600,10000085479,18,1831
529,10000085426,13,825
338,54850011076,30,367
466,53700048182,10,2280
244,55410000076,26,2111
462,54850011033,9,1591
421,10000089029,8,929
536,52898920076,13,1937
606,10000085475,18,631
260,54300026124,26,1726
597,54200029176,18,1
567,10000085482,16,1488
433,52370020076,8,1963
313,52840000051,29,1795
312,54850010009,29,1642
413,53600000078,8,1453
591,10000085475,18,2451
604,52113100033,18,367
608,10000085478,18,2088
655,55928320070,23,979
515,10000085429,13,2489
598,55400061078,18,1428
506,10000085426,13,1726
591,52000030042,18,105
597,10000089248,18,164
638,51111120076,20,256
492,10000089073,12,1856
418,55100012140,8,877
624,51960010076,18,1494
509,54369530009,13,93
515,51600040033,13,889
600,54300026050,18,2400
514,10000085426,13,184
306,51200000033,29,1773
615,10000089239,18,2374
567,10000085436,16,2400
515,51111113178,13,464
665,52900020076,25,1917
602,51111114101,18,931
637,57631000076,18,1197
507,10000085425,13,630
638,53010010033,18,1437
420,10000089053,8,1005
513,10000089128,13,1633
615,52100023024,18,2374
464,10000085378,9,282
609,10000085476,18,413
600,55703711082,18,718
621,54850010033,18,1995
414,10000089012,8,307
592,10000085476,18,1015
600,10000085479,18,1419
602,51800015050,18,1451
515,53663250076,13,889
515,54300020076,13,2489
408,53600010082,5,1248
625,51500050013,19,2124
639,51800000050,22,761
540,54100027032,14,888
641,52113100033,18,2478
545,10000089106,13,1990
602,51200000076,18,931
550,52580010042,13,867
415,54132220050,8,1795
333,54154888076,30,68
626,54133500050,18,1778
463,52580010042,9,1923
593,57631000076,18,469
636,53980010082,18,2007
298,57047091041,29,1923
639,52100000031,22,761
597,51960010076,18,164
668,52100000076,25,1804
606,10000085475,18,1651
605,52840001082,18,473
638,57045970076,22,1437
529,51330021113,13,825
513,51600070033,13,2451
608,10000085475,18,67
678,10000085495,24,1453
424,55150026032,8,1318
426,10000085361,8,1694
567,52270011076,16,2400
662,51200000076,23,1197
533,50800490076,13,40
635,51800015050,18,426
516,10000089098,13,1995
684,54400000032,23,1633
515,10000089124,13,2489
521,10000085426,13,117
528,10000085425,13,1764
583,57124921076,16,1529
228,57457010076,26,2443
600,10000089252,18,630
617,10000089250,18,426
600,10000085479,18,630
624,54589399255,20,1529
596,54800110055,14,1764
601,57790113076,18,1462
550,55942700087,13,40
417,54154888076,8,125
226,53600000001,26,2240
511,54200000076,13,2064
421,54154888076,8,1421
446,52840042077,9,321
593,53980010082,18,1417
528,51480000076,13,2130
531,51780061082,13,318
546,51981012076,13,864
666,54900050082,25,1795
514,10000089111,13,1990
521,10000089134,13,2351
412,57457010076,8,1453
465,50834620078,9,1947
671,51111120078,20,113
620,54200029176,18,438
685,54132220050,25,88
511,53700040075,13,1000
595,54850010033,18,1451
510,10000085427,13,1011
591,10000085478,18,588
241,51600070033,26,1460
505,10000089106,13,40
616,54060060076,18,460
619,57332150033,18,636
455,55000013050,8,67
592,51800015050,18,256
609,53700048182,19,805
529,52100040050,13,755
620,53600010087,19,2231
504,51800000050,12,2124
424,10000089006,8,1937
420,57192117133,8,931
459,51410030033,8,1753
306,54060060033,29,1773
626,53700067076,18,1166
333,54740018078,30,681
516,53700061076,13,472
327,51111081540,30,2448
593,10000085477,18,1965
515,10000085429,13,764
509,10000085426,13,1687
415,10000085366,8,2233
522,52840050076,13,1197
592,54440020076,17,929
593,10000085478,18,2231
592,10000089248,18,2168
513,10000085428,13,2451
420,57064021233,8,426
605,52800051098,18,1947
672,50057331082,23,1445
541,53700040075,13,696
481,52100023024,12,1899
538,10000085432,13,389
618,53700048182,19,588
420,53620010050,8,1005
603,10000085475,18,2158
606,53700013182,18,413
603,51800050033,17,283
515,57047091041,13,2489
438,10000085364,8,1823
520,51111113178,13,1856
636,53010010033,18,2007
541,57455024475,13,40
544,51254600014,13,2366
418,10000085364,8,1430
621,54200029176,18,1618
616,55410000076,18,2370
227,57218020076,26,788
550,51960060050,13,1937
444,10000089048,8,367
593,57143020076,18,2094
343,51111074635,30,2331
590,10000085479,18,196
685,58768484040,25,788
241,57800000032,26,988
524,52100040050,13,1869
606,10000085478,18,2455
442,10000089049,8,1963
469,53600000082,10,1541
597,57631000076,18,715
551,10000085429,13,1229
515,10000085427,13,2489
538,54300020076,13,389
516,54154888076,13,1823
585,53800030050,17,2004
514,10000085429,13,1421
517,51480000076,13,2185
438,52840042077,9,67
608,53120026033,18,908
450,51380041309,9,367
509,10000089109,13,1917
625,55220010013,19,2124
509,10000085429,13,703
419,10000085364,8,2317
516,54800111033,13,184
516,53010030033,13,1098
527,10000085425,13,716
516,54369530009,13,1529
598,10000085475,18,2112
262,51600070033,26,294
430,10000085369,8,1064
419,10000085364,8,1588
513,10000085426,13,2467
513,54100024950,13,2112
608,10000085478,18,864
486,55150000034,11,1451
592,50052110076,14,256
424,57045970076,8,2496
646,51800000050,22,2260
605,10000089272,18,473
637,52500010050,18,18
606,10000089306,18,768
549,10000089091,13,1421
549,55340000082,13,2351
508,53800050033,13,1944
504,10000085425,13,596
440,54850011033,9,2451
237,57756765876,26,2305
243,55150054075,26,22
537,57047091041,13,1318
665,52700012033,25,761
605,55400061078,18,2351
625,50008710076,19,115
590,54300026050,18,196
630,10000085479,18,1921
633,52100023024,18,1633
517,10000085429,13,1694
604,10000089276,18,2237
529,10000089137,13,755
633,10000085475,18,99
520,52100040050,13,1376
449,55150010034,8,1726
327,51960010076,30,2200
621,54800111033,18,1591
439,10000089064,9,1773
565,53600030082,16,1687
521,10000085427,13,243
533,10000085427,13,1732
590,10000085475,18,2100
505,53620064076,13,1256
642,10000085486,22,22
459,51780034078,8,1823
243,54589314178,26,256
635,10000085477,18,2494
623,52100054076,18,2380
511,10000089124,13,458
525,10000089092,13,2019
337,57023000076,30,437
611,54900050076,18,192
635,52310000076,18,2494
509,10000085427,13,845
601,57631000076,18,1376
608,54060060076,18,1797
610,55000013933,18,1064
601,50004518076,18,1039
531,51952131178,13,412
530,10000085428,13,889
464,53700060051,9,282
636,54900050076,18,1726
559,54589399276,14,641
294,51410010050,29,2488
464,57064021233,9,282
592,52100023024,18,2496
614,55400061078,18,889
420,10000089054,8,1005
656,55420811176,23,1367
536,51980010075,13,2100
517,52740022050,13,1694
654,54132220050,22,239
516,51600040033,13,472
681,54850010033,23,67
633,52100000031,22,2200
606,57143020076,18,256
545,54300020076,13,577
681,55200017313,23,67
442,10000089015,8,1529
455,10000085363,8,143
620,10000085475,18,492
593,55000013950,18,1823
606,52100023024,18,458
348,53010030033,30,2305
682,52840000033,25,2427
596,57680000050,18,367
450,51700010076,8,2019
530,52016910055,13,67
540,57680810050,13,378
615,10000085475,18,1609
425,55100090033,8,1708
444,10000085361,8,367
513,55703711082,13,1256
524,10000089123,13,1869
596,10000089290,18,2380
415,10000089047,8,647
419,57631000076,8,1975
591,57680000050,18,2200
540,54200000076,13,936
426,55100012140,8,574
442,51958211075,8,1529
656,55200017313,23,1591
563,53500000076,16,1989
578,50099700082,16,1618
618,10000085475,18,1722
431,50004110076,8,1098
508,10000085425,13,2407
227,55100055008,26,788
507,57047091041,13,256
628,10000089248,18,2407
593,10000085475,18,2284
616,10000089304,18,1651
428,52484270076,8,2451
624,54900050076,18,1228
525,10000085425,13,949
608,51800015050,18,67
340,51111070124,30,2148
631,10000085477,18,793
456,10000085363,8,680
228,54180000033,26,248
457,57910012076,8,454
639,52500010050,18,2370
515,10000089098,13,2489
377,51111540076,4,464
504,10000085426,13,389
382,51111540076,4,22
621,54800110055,20,1419
241,53400022076,26,2280
631,51298810078,18,2158
617,52000030042,18,426
415,54154889078,8,1795
513,54154888076,13,2451
474,53700048182,10,605
455,53800050033,9,2451
592,10000085479,18,2496
583,55310000076,16,1529
621,57143020076,18,1197
680,57192110076,25,1754
513,55410000076,13,979
615,51800015050,18,1609
605,52000030042,18,2481
438,53700020076,8,367
596,10000089290,18,1421
443,10000089020,8,426
621,53700048182,19,2400
594,10000085477,18,523
593,54900050076,18,469
341,51015877076,30,2448
626,55703711082,18,2347
458,10000085363,8,2007
513,10000089098,13,1823
520,51780061082,13,1856
647,10000089316,22,13
518,10000085425,13,2084
443,53620010050,8,2042
627,10000085475,18,463
627,10000085479,18,2324
610,10000089290,18,2421
510,10000089133,13,2147
363,52100026076,30,1287
527,10000085427,13,947
548,57631000076,13,1146
532,51111113178,13,239
638,54060060076,18,40
332,52100026076,30,239
516,54154888076,13,472
522,50308412076,13,1197
616,53700061674,18,1651
481,10000089073,12,2462
656,54850010033,23,1591
512,10000085429,13,1074
228,51111078555,26,248
587,53620064076,17,1166
510,52740022050,13,2305
592,10000085479,18,2168
510,57680810050,13,2147
601,51785400013,17,1166
622,51906341075,18,956
417,54154888076,8,993
632,57045970076,22,67
597,51800015050,18,208
635,51116200076,18,426
691,52100023030,25,1541
494,55150000034,11,1326
421,10000085363,8,279
458,53600000078,8,378
595,54900050076,18,1453
520,10000089124,13,1376
592,54900050076,18,256
621,57294010033,18,139
424,57910070076,8,2496
228,51800000033,26,248
608,57143020076,18,1602
655,54850010033,22,979
483,54300010033,12,2124
532,57050100078,13,1726
670,10000085493,23,889
628,51500050013,19,574
608,51500050033,19,2124
257,57320210076,26,788
663,10000085490,23,1633
412,10000089040,8,2085
599,54200029176,18,979
548,10000085428,13,1081
422,57127900036,8,2330
606,56687861776,18,605
439,53600000078,8,647
430,10000085363,8,2200
424,51111121078,7,93
607,57410101082,19,40
632,51800000050,22,979
563,10000085436,16,1491
585,54800140060,14,560
567,52270011076,16,1989
516,54154888076,13,1726
438,55100012140,8,1823
567,10000085482,16,115
416,10000085364,8,239
487,51600045033,12,2200
415,55000013033,8,573
529,55150026032,13,1318
592,10000089283,18,2496
633,51800000050,22,2200
635,52800051098,18,755
592,52200090076,18,256
511,52038210082,13,1907
630,51500050033,19,2380
330,52586611376,30,362
523,51600070033,13,2237
431,54154888076,8,1113
460,10000085363,8,378
683,54900050082,25,400
505,51600070033,13,2489
517,53620010050,13,2351
607,55220010013,19,574
593,10000089252,18,1475
591,54154888076,18,58
506,55000013050,13,1175
420,54154888076,8,1394
375,51380040009,1,93
510,54150023150,13,2147
528,55410000076,13,2130
601,10000089253,18,2130
596,10000085479,18,1421
509,10000085428,13,679
515,58978500076,13,889
399,53600010082,5,2024
515,51380020033,13,18
527,10000085426,13,1357
428,10000085363,8,1648
551,10000089106,13,574
506,10000085429,13,1175
511,50000540082,13,1000
542,55150026055,13,979
453,55000013033,8,2455
517,51980010075,13,2185
606,55000013950,18,1618
628,53700051551,18,1957
481,51800000050,12,1899
522,10000089127,13,2147
488,57790000032,12,1899
621,53120026033,18,825
531,10000085425,13,1485
507,10000085425,13,920
232,54900000032,26,367
598,51906341075,18,139
598,57332150033,18,1989
593,53010010033,18,1957
357,52100000076,30,2489
529,51981012076,13,2489
626,55100000013,18,1778
306,57455024450,29,1773
595,52200090076,18,2124
596,10000085476,18,389
601,55000013950,18,77
683,57797520075,25,400
591,52100023024,18,105
544,54900065036,13,1985
528,10000085426,13,864
376,52277610055,4,22
420,54450031033,8,931
527,51116221076,13,947
593,10000085478,18,2280
529,10000085426,13,2375
604,10000085475,18,2237
543,54178802078,13,2324
530,52898920076,13,503
282,51380041313,29,93
346,54460000050,30,239
523,54100024950,13,2237
599,51800015050,18,979
420,57127900036,8,389
430,10000085364,8,2264
434,53600000078,8,13
639,56261260075,21,1854
348,54589300078,30,239
597,51600030101,18,164
621,52200090076,18,1197
527,51480000076,13,1066
428,10000089013,8,1453
228,55410000076,26,22
535,54100027032,13,1529
642,52570016075,18,867
591,54100027032,14,588
582,54440020076,17,389
233,55410000076,26,1391
609,51258700050,18,1935
632,51600070033,18,367
341,52586611376,30,1856
299,53000012033,29,1393
437,54154889078,8,294
628,54200029176,18,877
424,10000085363,8,1791
419,51111110076,8,2317
593,10000089290,18,2407
417,53810077076,8,574
688,53400022076,25,2240
536,54610000075,13,426
588,54900050076,18,1453
536,52840011033,13,2100
508,57680810050,13,2407
639,51800015050,18,982
633,53600010087,19,805
433,10000089055,8,1167
506,10000089111,13,1907
538,51960060050,13,389
424,58087858576,7,1935
600,54280011660,17,104
598,54300026050,18,1505
330,52920000028,30,889
421,53010010033,8,1299
668,57756765034,25,1804
681,52700012033,25,2275
533,51980010075,13,256
646,55200017313,23,2233
509,51480000076,13,703
598,52500010050,18,139
436,57045970076,8,2199
640,54850010033,22,22
294,51200092776,29,2488
460,53800087950,8,1795
436,51800009050,8,1762
592,51600070033,18,22
435,10000085363,8,2082
662,10000085496,24,1453
600,55000013950,18,1831
604,52100023024,18,2237
522,10000085427,13,1677
528,57047091041,13,2130
417,10000085361,8,243
588,53500000076,16,1618
420,55410000076,8,1591
505,52840011033,13,1098
533,53620064076,13,282
592,51800015050,18,825
433,54300031076,8,1568
549,54100011675,13,1423
639,51800000050,22,982
360,57756765875,30,972
516,10000085428,13,1995
344,54154888076,30,1421
509,54300020076,13,2087
606,10000085475,18,1618
483,51800000050,12,2080
424,10000085361,8,1937
512,56414410013,13,2156
636,51600070033,18,2380
598,10000085475,18,2351
591,53700013182,18,588
523,10000085425,13,878
439,10000085369,8,256
416,10000085361,8,1337
654,57027722976,21,1802
606,10000085476,18,1937
507,51600070033,13,805
505,10000085425,13,2123
431,10000085364,8,67
609,54060060076,18,389
415,57910012076,8,2233
505,57631000076,13,2421
661,54900050082,25,1534
516,54175711040,13,1726
623,51600070033,18,2162
431,52484270076,8,1778
430,54100027009,8,115
632,52100000031,22,1113
596,54100027032,14,1764
608,53010010033,18,67
612,55000013950,18,2084
334,51111081160,30,2007
599,10000085475,18,2305
427,50800490078,8,1066
558,51111120076,14,1142
550,52740022050,13,2200
598,10000085475,18,740
593,10000085475,18,469
549,54650050060,13,588
592,10000085479,18,825
433,53663200076,8,1167
509,51600070033,13,1831
515,51600040033,13,2489
625,10000085475,18,2124
535,54154888076,13,367
469,51500059033,10,2124
541,10000085428,13,367
525,53800050033,13,1831
633,51800000050,22,485
229,55150010034,26,2062
533,10000089101,13,40
427,57047092032,8,1451
614,52260010055,18,1412
593,54300026050,18,2451
641,10000089251,18,1687
593,10000085475,18,911
637,51600070033,18,1166
563,53500000076,16,1505
640,54850010033,18,22
684,52900020076,25,1534
596,52000030042,18,1534
615,51600070033,18,1609
585,53620010028,14,560
656,53620010028,20,1975
361,51111074175,2,1299
565,55310000076,16,1687
507,54200000076,13,993
608,10000089263,18,864
429,10000085361,8,256
462,52840042077,9,1591
639,57790113076,18,1854
634,51500050033,19,1751
523,51600040033,13,490
483,53800050033,12,2080
508,10000085427,13,702
631,10000089290,18,1581
628,52100000031,22,22
609,10000085478,18,1529
439,52840042077,9,877
618,55000013950,18,1856
449,54300031076,8,2500
416,53600000078,8,1677
561,10000085482,16,1850
506,10000085429,13,469
601,55000013950,18,1376
614,10000085477,18,104
417,53010010033,8,680
656,52840000082,23,1591
446,10000089018,8,1475
507,10000089136,13,256
515,10000085428,13,464
511,51980010075,13,2064
572,50099700082,16,1393
416,50008130078,8,1098
663,53000000036,23,31
506,53620010050,13,1845
555,55000035576,15,1820
600,10000085478,18,2400
602,51600070033,18,931
669,10000085493,23,979
603,10000089265,18,1591
416,53663200076,8,1098
509,57680810050,13,2087
646,10000085493,23,2233
456,10000085364,8,895
491,54470031076,12,1229
516,51600070033,13,472
506,54200000076,13,2334
417,10000085364,8,993
416,10000089026,8,1015
539,10000085429,13,1256
445,55000013033,8,1175
421,55100012140,8,232
599,57045970076,17,982
516,51700010076,13,472
425,10000085361,8,1708
516,10000089098,13,888
604,51600070033,18,2237
627,10000085477,18,929
620,54589399277,20,1376
608,10000085476,18,101
515,52898920076,13,1113
428,53475600050,8,1453
429,51312010033,8,2004
233,51700010076,26,1872
513,10000089113,13,1823
518,52580010042,13,864
462,10000085378,9,1591
455,53800050033,8,2451
616,10000089290,18,1797
623,57680000050,18,2380
505,10000085432,13,2011
593,10000085475,18,1937
646,52100000031,22,2260
636,53160401082,18,2007
516,10000085429,13,2366
531,55410000076,13,2200
418,10000085361,8,1937
514,53620010050,13,588
505,54369530009,13,2380
528,57756765076,13,2130
535,10000089093,13,139
604,10000085479,18,2240
515,51254711082,13,2489
633,54105800093,18,2494
515,10000085426,13,99
512,10000085426,13,1074
514,53700040075,13,67
648,10000085491,23,1676
600,10000085475,18,692
683,54900050082,25,574
590,53800050033,18,2100
610,53010010033,18,545
598,10000089284,18,740
518,51981012076,13,518
545,51600070033,13,712
517,51700010076,13,2351
426,54610020076,8,2019
415,10000085361,8,2451
669,54900050082,25,192
504,52740022050,13,1305
516,54180010033,13,472
601,53770000076,18,2280
605,51600030101,18,1421
638,10000085477,18,545
596,10000085475,18,1854
594,10000085479,18,2364
662,54060060033,23,1453
475,54110030074,10,982
600,52500010050,18,889
459,54300080075,8,574
363,52586611376,30,239
516,54000016333,13,472
418,10000085363,8,2115
509,10000085426,13,2087
522,51980010075,13,1197
629,54900050076,18,712
593,51809461078,18,1475
420,10000085364,8,2380
682,52100023030,25,1754
330,51116200076,30,367
435,53000021076,8,1944
337,52100026076,30,699
421,54450031033,8,115
257,51111037233,26,788
610,10000085475,18,2378
506,51600070033,13,600
599,51600070033,18,1197
421,10000085363,8,1024
515,54300020076,13,2019
537,54178802078,13,2467
509,51960010076,13,1917
530,10000085429,13,40
568,53500000076,16,766
620,10000089302,18,2147
596,10000085477,18,1534
641,54300026050,18,1823
351,51111070124,30,718
610,10000089290,18,2234
414,57631000076,8,1396
523,52580010042,13,1788
474,50813713084,10,1710
636,10000085478,18,2007
432,54200000033,8,2004
509,51440050055,13,22
283,53620010028,27,718
453,53700067076,8,1166
601,51111114101,18,2130
424,10000085364,8,630
519,51480000076,13,2317
639,56687861776,18,397
413,10000089012,8,239
291,54300016033,29,712
602,57045970076,17,931
523,56414410013,13,490
443,52100000033,9,2406
523,54369530009,13,490
415,57214010082,8,397
438,52580010042,9,1975
662,52900020076,25,1804
542,51600070033,13,1795
593,57631000076,18,2342
599,10000085479,18,979
594,54300026050,18,1591
436,51312010033,8,588
520,52016910055,13,354
256,51380061733,26,334
425,50800490078,8,294
625,51500050033,19,437
592,54589314175,14,256
535,52840042034,13,139
595,51111120001,18,127
243,52898920076,26,2213
416,57045970076,8,1337
671,58768484040,25,2270
512,51600070033,13,13
514,51600050042,13,588
418,57192117133,8,877
445,54300031076,8,2004
504,10000089102,13,1305
462,55004910025,9,1591
333,53620010050,30,681
521,53620010050,13,630
516,10000085429,13,1475
509,51600070033,13,703
433,53800050033,8,574
673,52840000033,25,1534
601,53700061674,18,2280
592,54900050076,18,2004
590,53010010033,18,2100
244,52100061176,26,1726
636,54100027032,20,2007
507,10000085427,13,993
544,53800050033,13,1823
525,10000085425,13,1831
287,53377610033,29,165
686,57192110076,25,389
422,10000085363,8,692
600,10000085477,18,546
524,55150026055,13,156
601,10000085477,18,1488
424,57127900036,8,1534
528,52927461001,13,864
513,10000085429,13,1823
491,52100023024,12,1229
647,50052110076,20,115
639,54850010033,22,982
523,10000085427,13,1788
648,55200017313,23,807
636,51011913593,18,2007
590,51960010076,18,2123
540,52740022050,13,14
436,53000021076,8,2199
639,57218040076,18,67
421,51700010076,8,1
408,58087858576,7,979
551,56414410013,13,1990
626,10000085476,18,1778
229,55410000076,26,2062
237,57143030076,26,2305
416,52840031033,8,2341
435,52370020076,8,1944
455,53800050033,9,67
430,57457010076,8,1864
464,54300026033,9,282
600,54800111033,18,464
609,54300026050,18,1529
681,54060060033,23,67
339,52100041013,30,588
600,51600070033,18,1831
460,55100012140,8,29
549,50800490076,13,982
608,55100043133,18,1797
641,51600070033,18,2305
567,53500000076,16,2400
638,54200029176,18,40
513,54154889076,13,1488
591,52840001082,18,105
243,52500010033,26,22
508,10000089128,13,2407
683,52100023030,25,574
520,57631000076,13,1376
665,57756765034,25,761
525,55150026055,13,1012
429,52740020076,8,998
606,51258700050,18,2462
603,57332150033,18,2158
621,51600070033,18,1823
608,52113100033,18,1602
625,51600070033,18,2124
516,54300020076,13,2366
605,54900050076,18,1337
607,54850010033,18,22
684,54100027032,20,19
691,52700012033,25,67
385,54300026150,4,2451
606,10000085475,18,208
596,10000085477,18,367
605,10000085476,18,1357
593,10000085479,18,1417
505,10000085427,13,2427
545,51254711082,13,334
549,10000085429,13,1590
524,53620010050,13,1869
415,10000089054,8,2489
323,54400000033,29,1831
443,57631000076,8,2042
636,54900050076,18,101
443,52100000033,9,158
325,54400000033,29,93
600,52000030042,18,2400
684,51380040009,23,889
523,10000089081,13,2237
262,53600030082,26,294
229,51111078555,26,2062
605,10000085479,18,1778
593,52100023024,18,378
510,52927461001,13,361
590,57631000076,18,2123
646,57045970076,22,2260
515,51480000076,13,2489
597,57231020034,18,1566
636,51600070033,18,1726
436,10000089012,8,1762
443,57127900036,8,2462
652,54060060033,23,906
608,57007461076,19,2124
592,10000089284,18,22
603,10000085477,18,1146
430,52370020076,8,490
285,51380041313,29,1029
505,51960060050,13,2489
415,53600000078,8,1856
655,57027211076,23,745
414,53500029075,8,306
674,53000000036,23,1590
420,53010010033,8,426
593,52100023024,18,1899
614,51600070033,18,889
620,51862700076,18,2231
636,51920021576,18,2007
415,10000085366,8,354
425,10000085363,8,2284
678,57192110076,25,256
363,52100026075,30,1287
641,54850010033,18,2478
529,55410000076,13,2375
591,54060060076,18,105
427,55100090033,8,208
514,10000089124,13,1508
630,54589399275,20,1566
421,55100055075,8,929
622,51600070033,18,1256
462,52100000033,9,1591
531,10000089128,13,412
642,53980010082,18,13
662,54900050082,25,1421
333,51600070033,30,22
491,10000089073,12,1229
545,10000089124,13,1990
596,54100024032,14,1764
510,55410000076,13,361
539,53700040075,13,712
612,52840001082,18,1419
540,54100027032,13,888
579,50099700082,16,256
420,51111110076,8,931
605,10000085478,18,1337
453,10000085364,8,421
531,10000085425,13,2085
539,54100024950,13,712
605,57143020076,18,2351
522,51330021113,13,2147
427,57050100076,7,1726
541,53663250076,13,696
575,54589353178,14,117
544,10000085429,13,911
606,10000085484,18,256
244,51370000076,26,1726
569,53700048076,16,2171
229,51111070142,26,2062
425,55100055075,8,1708
418,54154888076,8,877
593,10000085479,18,1475
515,10000085426,13,2199
430,50930030075,8,1864
648,54850010033,23,1676
520,51111113178,13,1376
422,57127900036,8,2233
514,51600040033,13,982
341,51111010133,30,1856
525,10000085428,13,949
505,55150000034,11,2489
515,52927461001,13,2489
603,54280011660,17,283
624,55000013950,18,2500
469,53700048182,10,605
482,50813713084,10,605
680,51090044076,25,367
567,52270011076,16,771
467,52100000033,9,443
593,53800050033,18,1957
638,51800000050,22,256
343,51111073935,30,2331
529,54154888076,13,755
647,51450050050,22,889
241,55150054075,26,378
508,52100040050,13,702
623,57050100082,18,2234
427,10000085363,8,1451
400,50813700076,5,115
515,55000034042,13,1937
313,57047091041,29,1795
431,54154889078,8,67
603,10000089266,18,239
431,10000085369,8,518
656,53000000036,23,389
528,53620010050,13,1764
361,57218050076,2,1299
522,55410000076,13,1197
600,10000089248,18,2400
529,58000075224,13,215
588,10000085436,16,1618
531,51254711082,13,2004
616,10000089290,18,2370
637,52800051098,18,1166
608,51906341075,18,67
599,54900050076,18,982
447,54850011033,9,22
605,53700048182,19,351
536,50813790076,13,1937
543,57680810050,13,2324
427,10000085364,8,702
415,57910012076,8,573
533,55410000076,13,725
610,54420930024,18,1064
535,57680810050,13,1529
414,54300031076,8,306
422,10000085363,8,353
425,52898920076,8,2462
505,51600070033,13,2380
507,10000085429,13,993
424,10000085361,8,294
581,51785400013,17,1333
637,10000085477,18,2398
507,52898920076,13,2314
656,10000085490,23,1591
592,53010010033,18,2496
516,54180060033,13,1529
330,52819011176,30,889
535,52580010042,13,1529
229,51111076635,26,2062
631,54154888076,18,2158
681,51200000076,23,67
358,52300021041,30,367
533,10000089110,13,1261
597,54154888076,18,1856
599,10000085479,18,1935
654,54400000032,23,88
436,10000085364,8,2199
593,52100023024,18,1475
637,52500010050,18,1166
336,55100090033,30,2451
487,52529311476,12,2200
506,10000085425,13,982
522,10000085429,13,2496
243,51370000076,26,2213
533,54100027032,14,636
607,54300026050,18,22
601,10000085475,18,2130
602,10000089266,18,931
508,10000089124,13,1000
627,10000085475,18,1098
513,56414410013,13,2467
592,53500000076,16,256
649,10000089316,22,1437
639,10000089319,21,1854
614,10000089239,18,864
417,10000085361,8,574
514,10000085426,13,67
420,53500051576,8,931
567,53700048076,16,2400
522,57047091041,13,1197
520,54200000076,13,2305
589,54800140060,14,464
515,10000085425,13,2489
604,51600070033,18,1534
507,54200000076,13,920
638,51312010033,22,1437
507,54180010033,13,1113
594,10000085475,18,895
528,57084400050,13,2130
511,51981012076,13,2083
674,51200000009,25,2427
609,52113100033,18,389
572,53700048076,16,1393
600,53210060033,18,2400
524,51600050042,13,2085
673,10000085490,23,1534
565,54800110055,14,2488
538,51960010076,13,389
497,51600045033,12,1633
639,52800031032,22,761
524,10000085429,13,1633
606,10000089266,18,458
665,55100000033,23,389
516,10000085432,13,458
633,52100023024,18,588
600,55410000076,18,2400
540,51480000076,13,14
607,57410101082,18,40
455,10000085361,8,1693
572,52270011076,16,1393
635,54133500050,18,2494
505,54180010033,13,2123
602,53800030050,17,931
522,54300020076,13,139
679,10000085495,24,1627
431,10000085363,8,518
586,53450058040,17,104
451,55100012140,8,588
591,51800015050,18,58
595,54300026050,18,1453
698,10000085496,24,2489
610,10000085478,18,1064
626,52113100033,18,2351
516,51480000076,13,1995
291,51380041013,29,712
608,10000085475,18,2088
433,50004110076,8,2222
662,52700012033,25,1804
444,57192117133,8,367
624,54154888076,18,1228
586,53800030050,17,1146
592,57045970076,17,88
599,54154888076,18,1394
632,51116200076,18,367
488,53700048182,10,1710
530,10000085425,13,503
522,53700040075,13,1197
521,52740022050,13,2489
597,57680000050,18,164
603,53700026850,18,239
239,51111074242,26,718
601,50308412050,18,1488
613,57218040076,18,983
628,57231020034,18,1318
418,57045970076,8,2115
513,55000013050,13,2112
526,10000085429,13,101
365,51111010133,30,1634
507,52840011033,13,630
420,57631000076,8,931
691,57192110076,25,574
412,52100041050,8,2085
510,10000085425,13,2233
436,10000089045,8,588
526,10000085429,13,1146
683,52840000033,25,400
531,54650050060,13,1823
671,10000085495,24,840
506,54154888076,13,1845
593,55400061078,18,1417
628,50004510076,18,877
602,10000089253,18,931
459,53600000078,8,545
440,52100041050,8,1694
600,53800030050,17,104
514,10000089134,13,883
622,10000085479,18,1256
444,54154888076,8,367
532,54200000076,13,1726
662,57192110076,25,1421
451,10000085366,8,2324
529,10000089106,13,2375
536,56414410013,13,294
639,10000089269,18,2370
604,10000089290,18,2237
591,51800015050,18,2200
420,57800000033,8,56
427,53010010033,8,1451
605,54300026050,18,1947
592,54850010033,18,2004
535,10000085425,13,1935
431,54900065051,8,67
526,51960010076,13,1146
625,51780071276,18,1726
527,54300020076,13,1039
514,54300020076,13,143
481,10000089073,12,1899
600,10000089251,18,1419
516,51600070033,13,1294
486,57940062040,11,88
548,54460011776,13,1081
598,57231020034,18,1726
681,10000085491,23,67
621,51800015050,18,2488
603,51600070033,18,1591
654,51800000050,22,208
683,50834600078,20,2007
413,53600000078,8,2280
581,10000089194,17,1333
512,10000085428,13,2007
369,54154888076,30,2200
534,53800050033,13,2124
529,54300020076,13,1795
659,54900050082,25,2280
428,10000085363,8,165
531,51254711082,13,1485
235,52000030042,26,889
601,52100023024,18,1376
621,10000085475,18,2488
523,57047091041,13,2237
422,54200000033,8,56
601,54900050076,18,1039
614,55480017133,18,484
490,54470031076,12,2124
593,10000089300,18,1957
241,51111074642,26,464
616,55000013950,18,67
595,54060060076,18,1989
584,54280011660,17,1453
639,54850010033,18,982
451,10000085363,8,2324
608,51800010250,18,1797
424,10000085364,8,13
515,50000540082,13,1020
228,51111540076,26,22
610,10000089290,18,807
451,10000085378,9,2199
426,10000089019,8,117
531,58000075224,13,412
528,10000085427,13,2130
680,54116500036,25,367
596,51111131075,14,1764
424,10000085364,8,1529
438,53800050033,9,367
528,10000089098,13,40
451,52920000042,8,2004
606,54105800093,18,979
418,10000085361,8,1965
586,53450058040,17,1166
446,53600000078,8,2007
540,53620010028,14,888
257,51111075533,26,788
519,57047091041,13,2317
600,10000085479,18,1412
514,57047091041,13,1421
428,55000013033,8,18
596,57756765034,17,367
598,54154888076,18,1726
603,53620064076,17,283
361,53800030050,2,1299
602,51600070033,18,2475
621,50930030075,18,1591
225,57008510075,26,2280
514,10000085426,13,1508
312,52100023020,28,2448
683,10000085495,24,1935
641,55410000076,18,2305
635,51862700076,18,755
602,10000085477,18,931
522,54300020076,13,1197
418,52740020076,8,679
515,10000085429,13,1778
438,52580010042,9,93
506,52740022050,13,982
567,53600030082,16,2400
608,50008710076,19,115
523,53700061076,13,1823
419,10000085361,8,46
438,55100090033,8,1541
526,10000089135,13,101
662,52840000082,23,1453
326,54460000050,30,681
516,54154888076,13,2200
424,52898920076,8,1937
420,10000085361,8,306
419,10000085364,8,1687
606,57143020076,18,979
431,10000089047,8,1098
460,55100055075,8,1795
606,52570016075,18,1648
592,10000085478,18,256
334,51111010133,30,2007
692,10000085496,24,2275
601,10000085475,18,1376
600,51258700050,18,1475
433,51981012076,8,864
531,57631000076,13,1485
535,54100027032,14,1529
422,53600000078,8,8
600,10000085475,18,1653
514,53620010050,13,184
463,51380041309,9,1923
418,52586611376,8,1618
668,52840000082,23,1534
426,10000085361,8,117
510,57047091041,13,2233
505,10000089110,13,2331
609,10000089263,18,1717
510,56414410013,13,2380
636,55100000013,18,2007
415,10000085363,8,647
536,55410000076,13,2100
426,10000085363,8,1228
344,54154888076,30,2233
620,51600070033,18,2427
323,51254711078,30,2280
647,54400021032,22,13
436,10000085363,8,588
327,52100026076,30,888
593,53210060033,18,2407
228,51111008650,26,248
591,57045970076,17,58
621,53600010087,19,2400
526,53620010050,13,1146
474,55220010013,10,574
513,52927461001,13,1488
514,10000085429,13,883
448,53076800082,8,1451
590,55410000076,18,196
596,53800030050,17,367
550,51960010076,13,867
511,51480000076,13,1000
622,10000085475,18,1229
425,10000085361,8,1677
544,52100040050,13,1823
602,52100023024,18,931
590,53500035050,18,2100
516,53700016682,13,1475
428,10000085363,8,1528
546,10000085429,13,2420
237,51600070033,26,979
447,53663200076,8,2317
607,51500050033,19,574
509,52740022050,13,1917
704,10000085496,24,1935
545,10000085426,13,334
516,10000089106,13,2366
531,54180060033,13,2007
513,57680810050,13,2451
663,54900050082,25,574
511,54180010033,13,2441
616,52113100033,18,1797
526,10000085429,13,1791
634,10000085475,18,1989
458,10000085364,8,2481
444,10000085363,8,2168
529,10000089134,13,2375
529,57680810050,13,825
325,54200000076,30,2451
646,52840000082,23,2233
581,57045970076,17,1333
665,54900050082,25,761
541,54300020076,13,696
636,51570011042,18,2007
234,51111075533,26,1098
619,51298810078,18,2130
436,52100041050,8,2199
578,52270011076,16,1618
606,55410000076,18,768
516,51600070033,13,1529
533,54100027032,13,256
505,50800490076,13,1066
483,10000089073,12,2124
421,10000085364,8,2448
528,54150023150,13,2130
514,10000089111,13,2124
298,54300021057,29,1923
677,52700012033,25,1534
623,54154888076,18,1651
537,10000085426,13,2057
614,57143020076,18,484
595,10000089257,18,127
542,54200000076,13,361
333,52100026076,30,2124
648,51200000076,23,807
507,10000089076,13,805
691,58768484040,25,574
374,54300026150,4,1921
591,53800030050,17,58
647,54100024032,20,115
618,51800015050,18,588
509,10000089079,13,2087
623,53700048182,19,1839
417,10000089018,8,574
621,51600070033,18,1591
636,54589371155,20,2007
529,53010030033,13,755
420,10000085363,8,1098
602,10000089288,18,931
428,10000085363,8,1256
509,51111113178,13,845
417,54154889078,8,125
365,53700012075,30,1634
653,54060060033,23,389
433,53800050033,8,1591
542,52840011033,13,361
285,51380041013,29,1029
420,55100012140,8,1591
681,54589371155,20,1975
531,51111113178,13,318
621,57940033055,20,1419
626,10000085475,18,1778
533,54100027032,14,256
517,10000085429,13,387
621,54900050076,18,2488
533,52840042034,13,256
505,54100024950,13,367
384,54420933024,4,1451
635,53010010033,18,1318
237,51370000076,26,979
551,54154888076,13,1990
683,55100000033,23,1823
605,57143020076,18,1778
635,54200029176,18,755
610,10000085477,18,807
602,10000085477,18,1451
621,54589399255,20,1419
644,54589321176,20,888
439,53000021076,8,1937
590,55410000076,18,2100
621,55410000076,18,1197
378,54759930033,4,2443
506,10000085425,13,2334
361,51530011350,2,1299
602,55400061078,18,931
533,56414410013,13,725
509,54300020076,13,703
425,52484270076,8,2082
607,51800015050,18,490
602,10000089194,17,931
396,53700048182,5,13
598,10000085476,18,1505
231,57756765876,26,334
422,55113140076,8,2317
639,54132220050,22,761
619,57144800076,18,2130
438,10000085363,8,2370
509,57631000076,13,679
512,10000085427,13,2280
516,54100027032,13,1529
522,10000085429,13,1197
440,51380041309,9,2451
506,53700040075,13,1175
636,53620010028,20,2007
516,55100012007,13,1726
259,53500051576,26,2006
424,57910012076,8,1285
539,10000085429,13,1228
528,10000089124,13,1015
609,54105800093,18,13
388,53700048182,5,979
507,57631000076,13,2314
592,53700048076,16,256
505,54200000076,13,2380
515,10000089106,13,1778
641,52570016075,18,1944
614,57143020076,18,1687
454,10000089029,8,1694
607,10000085475,18,1850
647,53620010028,20,115
417,54154888076,8,243
675,53620010028,20,600
594,57332150033,18,305
593,54900050076,18,2280
591,58304613450,18,1347
505,52740022050,13,351
540,54610000075,13,888
439,53600000078,8,383
506,51480000076,13,979
677,54060060033,23,31
595,51111120076,14,127
523,57680810050,13,1823
634,54850010033,18,936
514,51600070033,13,1508
609,51800015050,18,13
407,53600010082,5,115
593,10000085477,18,1483
606,10000085475,18,1762
467,53700060051,9,1040
518,51910011176,13,115
483,10000089073,12,2080
615,54060060076,18,2374
533,54589399250,14,636
430,10000085361,8,1864
516,10000085425,13,472
598,53120026033,18,2351
596,54800140060,14,1764
634,52100000031,22,464
554,51111124078,14,560
534,10000085429,13,1458
593,10000085475,18,438
651,51800000050,22,13
459,53800050033,9,877
614,51500050013,19,1839
510,54154888076,13,1011
621,57143020076,18,825
228,51111071124,26,248
592,10000085475,18,909
647,54800110055,20,367
544,10000085432,13,883
424,10000085361,8,2430
581,53800030050,17,1333
513,54100024950,13,1098
599,55000013950,18,1541
592,57144800076,18,825
591,57143020076,18,588
528,52100040050,13,954
523,10000085427,13,1965
529,52740022050,13,2375
505,10000085425,13,1247
604,51960010076,18,979
428,57064021233,8,1453
427,54200000033,8,1
462,52100061076,9,1591
681,55100000033,23,67
621,57007451076,19,2400
610,57631000076,18,67
593,55410000076,18,2378
509,55714580087,13,2087
451,54300026033,9,2199
521,52100040050,13,1995
431,10000089012,8,1098
513,10000089124,13,1633
606,10000085478,18,605
640,51312010033,22,22
585,53450058040,17,745
250,57490414076,26,889
505,10000085429,13,2011
615,52500010050,18,2374
524,52740022050,13,864
421,10000085363,8,982
635,51111120001,18,755
636,53160401082,18,1989
438,51111110076,8,1823
506,54263410033,13,1726
442,54300031076,8,1529
590,57790030032,17,196
510,54369530009,13,397
529,10000085425,13,867
420,10000085364,8,1247
431,57756765076,8,67
608,10000085475,18,864
609,10000085478,18,361
584,53620010028,14,600
420,53800050033,8,931
511,52740022050,13,239
458,10000085364,8,1357
639,51312010033,22,761
601,54300026050,18,1376
558,54589399250,14,2489
507,57105210033,13,805
677,51200000009,25,1534
593,57143020076,18,1899
511,57631000076,13,2441
609,54300026050,18,389
592,51800010250,18,22
641,54610000076,21,2462
604,53450058040,17,367
422,54470020031,8,2330
599,51800015050,18,982
523,52740022050,13,1475
593,51800015050,18,1475
327,54200000076,30,888
648,10000085493,23,807
488,51800015033,12,1899
620,10000085475,18,2147
629,10000085475,18,712
522,10000085426,13,1677
544,51600070033,13,1985
602,51600070033,18,2462
593,57631000076,18,2448
467,54300026033,9,443
593,52500010050,18,469
636,51600070033,18,2007
422,10000085364,8,2330
327,51113240041,30,947
624,52000030042,18,101
514,51600070033,13,2305
527,10000085429,13,1959
567,57124921076,16,2400
605,54420930024,18,1947
421,10000085364,8,1
431,53663200076,8,67
639,51600070033,18,982
514,55410000076,13,143
567,10000085482,16,2400
396,53663271277,6,1917
604,53210060033,18,2240
429,52370020076,8,1856
523,10000085425,13,1098
583,53500000076,16,1529
621,51800010250,18,1823
526,10000085429,13,426
447,10000085363,8,2019
515,54154888076,13,1394
610,51800015050,18,2421
460,51600040033,8,1753
460,10000085361,8,1726
608,54060060076,18,2441
426,53600000078,8,2019
591,54154888076,18,2200
531,53620010050,13,2007
599,51780071276,18,1935
442,51800009050,8,2004
328,51380041013,29,1029
518,10000085429,13,864
606,53210060033,18,979
596,10000085475,18,2199
506,10000085432,13,1726
508,10000089111,13,346
591,10000085475,18,2200
509,54300020076,13,1917
608,52800051098,18,1823
609,51200000076,18,361
662,54100024032,20,2305
533,54100027032,13,636
567,53600030082,16,771
236,52100026076,26,1975
593,54200029176,18,2378
606,52100023024,18,256
590,52500010050,18,2100
609,53500035050,18,13
604,10000085476,18,2380
505,54300020076,13,1247
529,52580010042,13,215
605,51906341075,18,1928
609,10000089277,18,13
575,55000035213,15,1017
638,52100000031,22,1437
523,10000089124,13,1475
427,10000085361,8,605
585,55100055075,17,1453
634,53700067076,18,1451
459,50800490078,8,545
632,10000089251,18,367
478,53600050042,11,13
514,10000089137,13,1508
528,57756765076,13,1015
597,10000085476,18,1
656,58870211150,21,1726
624,10000085479,18,1494
617,10000085478,18,1166
683,57940033055,20,1823
529,54650050060,13,825
581,10000089195,17,1333
526,51440050055,13,22
629,54300026050,18,712
593,54060060076,18,2407
455,53800050033,8,67
606,55000013950,18,647
551,53620064076,13,574
512,54154889076,13,13
593,54900050076,18,2094
529,52840011033,13,1795
521,10000085427,13,117
513,56414410013,13,1488
635,10000085475,18,755
519,10000085429,13,2317
547,55410000076,13,1098
439,55004910025,9,877
436,53600000078,8,1762
602,10000085475,18,2462
593,51600030101,18,2407
435,52580010042,9,1944
415,55100012140,8,1534
459,10000085361,8,545
421,10000085361,8,1356
431,50800490036,8,262
342,55703710075,30,2124
436,10000085363,8,2004
623,54850010033,18,1609
506,53600040087,13,1726
620,54850010033,18,2147
629,54060060076,18,712
419,53620010050,8,2317
620,54800110055,20,464
642,10000085475,18,2317
412,10000089029,8,2085
429,10000085364,8,1687
599,10000085479,18,982
656,57027211076,23,1591
529,52580010042,13,755
522,57631000076,13,1197
550,10000085429,13,805
591,55410000076,18,2200
620,10000089305,18,1762
349,53700021125,30,936
520,51780031082,13,2217
460,10000085366,8,1795
528,10000089128,13,2130
550,51111113178,13,867
420,52700040009,8,931
628,52200090076,18,1318
505,51113240013,13,2123
510,52840050076,13,249
606,10000085478,18,518
443,53700060051,9,2406
636,50581447025,18,1726
545,54154888076,13,1990
506,51960060050,13,600
421,10000085364,8,1299
522,51600070033,13,1197
593,51800015050,18,1899
606,53160401082,18,307
507,10000089124,13,993
600,54154888076,18,2400
514,10000089124,13,982
597,57332150033,18,251
514,51480000076,13,1029
509,57047091041,13,1831
591,10000089251,18,1347
559,54589399276,14,600
536,10000085425,13,294
463,53700060051,9,1923
411,53700048051,7,2366
529,52840050076,13,2375
514,10000089113,13,588
614,10000085477,18,1957
639,54154888076,18,1651
519,53663250076,13,764
681,57797520075,25,2275
633,57045970076,22,2200
608,54200029176,18,1602
515,10000085429,13,1598
597,10000085479,18,251
420,54200000033,8,931
429,57047092032,8,1856
638,10000089290,18,2148
517,10000085426,13,2185
616,10000085479,18,2370
600,57143020076,18,1675
634,53160401082,18,1935
662,52100023030,25,574
606,10000085477,18,768
671,51200000076,23,389
427,10000085373,7,1726
459,55100012140,8,545
634,51800010250,18,2467
592,53800030050,17,88
603,51800015050,18,2158
593,53700026850,18,2231
668,57192110076,25,1804
510,53800050033,13,397
614,10000085478,18,1869
516,10000089091,13,888
619,52800051098,18,1451
617,54850010033,18,687
636,51111122076,20,2007
424,53800050033,8,1823
435,51862700076,8,1944
509,54154888076,13,2087
416,54610020076,8,1098
510,10000085425,13,2147
549,54800110055,14,982
426,54154888076,8,117
590,51960010076,18,2100
557,54589399276,14,472
602,10000089246,18,931
591,51960010076,18,2200
615,55000013950,18,1397
505,52016910055,13,2123
640,50581447025,18,2374
244,57127920076,26,1726
680,54900050082,25,2427
431,10000085363,8,1421
260,54900020032,26,2305
617,10000085479,18,2082
508,55000013050,13,968
608,54154888076,18,908
607,10000085477,18,1633
678,54900050082,25,256
514,10000089128,13,1421
415,55100090033,8,1795
605,10000089244,18,473
596,51780034082,18,1534
592,10000085475,18,22
638,51800015050,18,1437
592,54900050076,18,2496
420,10000085363,8,1005
258,52100026076,26,464
514,54154888076,13,1421
591,52200090076,18,1591
594,10000085476,18,1591
428,57910012076,8,1648
426,10000089054,8,2366
619,10000085477,18,2448
602,54300026050,18,2441
621,53620010028,20,1419
523,10000089128,13,878
376,53450050033,4,22
518,50004510078,13,2374
227,51111076635,26,788
608,10000089290,18,67
515,10000089106,13,2019
602,51800050033,17,931
507,52740022050,13,805
513,51600070033,13,2475
430,53475600050,8,1864
416,54300031076,8,239
491,57680000025,12,1229
592,52100023024,18,825
515,52898920076,13,1937
529,57218022076,13,1795
662,54900050082,25,1804
508,57127930075,13,378
521,10000089127,13,2380
600,51600030101,18,2400
433,52310030076,8,1568
633,51600070033,18,1823
634,55000013950,18,18
630,51960010076,18,687
595,51600070033,18,127
596,10000085475,18,353
625,54900050076,18,389
426,54154889078,8,1694
593,10000085479,18,2094
312,53663200076,29,896
543,10000085427,13,13
604,51800015050,18,367
506,10000085427,13,979
581,54280011660,17,1333
420,57631000076,8,1247
539,10000089131,13,1710
512,53620010050,13,40
342,54154888076,30,1364
507,54200000076,13,2370
606,54280011660,17,256
438,10000085364,8,1541
330,51111070124,30,362
411,57050100076,7,2366
630,51800015050,18,687
530,51600070033,13,503
636,57231020034,18,2007
446,10000089064,9,321
459,10000085368,8,574
416,57910012076,8,393
592,52100023024,18,2168
494,57033040050,11,1707
590,51800015050,18,2100
540,52150000050,14,888
633,52100000031,22,485
415,55100055075,8,1795
602,57790030032,17,931
514,10000089091,13,184
638,57045970076,22,256
600,10000089251,18,2400
515,53500051576,11,2489
509,54263410033,13,845
608,10000085475,18,1602
605,10000085476,18,2481
621,53010010033,18,1823
504,10000089093,13,389
637,54300026050,18,2199
616,50308412050,18,1651
522,10000089077,13,1687
338,51111074232,30,367
513,51254711082,13,2451
638,54589399275,20,256
531,54154888076,13,412
507,51600070033,13,920
608,10000089270,18,864
617,10000085479,18,687
241,54589314178,26,988
596,53620010028,14,1764
497,10000089073,12,1633
668,54850010033,23,2004
608,10000085477,18,305
633,51111120001,18,2494
387,51500050013,5,2066
529,10000085425,13,755
538,51600070033,13,389
683,10000085496,24,1823
256,57127920076,26,1937
603,57143020076,18,1591
412,55000013033,8,2085
638,51312010033,22,256
630,10000089290,18,1921
518,10000085429,13,115
430,57127900036,8,1064
533,10000089124,13,725
670,51200000076,23,889
601,55410000076,18,208
603,51960010076,18,1146
619,53010010033,18,2130
